1.2,1.4,1.6,1.8,2.0,2.2,2.4,2.6,2.8,3.0
0.0,0.0,0.0,0.0,0.0,0.0,0.0,0.0,0.0,4.309698682823006e-06
0.0,0.0,0.0,0.0,0.0,0.0,0.0,0.0,0.0,0.00011363916934949513
0.0,0.0,0.0,0.0,0.0,0.0,0.0,0.0,0.0,8.226866117955875e-05
0.0,0.0,0.0,0.0,0.0,0.0,0.0,0.0,0.0,0.0
0.0,0.0,0.0,0.0,0.0,0.0,0.0,0.0,0.0,7.58543245095366e-05
0.0,0.0,0.0,0.0,0.0,0.0,0.0,0.0,0.0003118474914350385,0.0008840627597551776
0.0,0.0,0.0,0.0,0.0,0.0,0.0,0.0,7.51682648125404e-05,0.0006477769926250128
0.0,0.0,0.0,0.0,0.0,0.0,0.0,0.0,0.00031260019472591,0.000884814211739549
0.0,0.0,0.0,0.0,0.0,0.0,0.0,0.0,0.00013835459238743542,0.0007108582781954834
0.0,0.0,0.0,0.0,0.0,0.0,0.0,0.0,0.0008300069959467242,0.0014013608672676329
0.0,0.0,0.0,0.0,0.0,0.00035139088193774216,0.015151955032825975,0.02069889288259012,0.02232441700882931,0.022860038214582743
0.0,0.0,0.0,0.0,0.0,0.0,0.0,0.0,0.0,3.5153823969263906e-05
0.0,0.0,0.0,0.0,0.0,0.0,0.0,0.0,0.0,3.050626868242927e-05
0.0,0.0,0.0,0.0,0.0,0.0,0.0,0.0,0.0,0.00036715188359115995
0.0,0.0,0.0,0.0,0.0,0.0,0.0,0.0,0.00038464910812366083,0.0009567433498224436
0.0,0.0,0.0,0.0,0.0,0.0,0.0,0.0,0.0,8.217324813054847e-05
0.0,0.0,0.0,0.0,0.0,0.0,0.0,0.0017836404908674478,0.003496470086893905,0.00406339118551625
0.0,0.0,0.0,0.0,0.0,0.0,0.0,0.0,0.0,0.0003789383254068032
0.0,0.0,0.0,0.0,0.0,0.0,0.0,0.003571909934729059,0.005276485572485793,0.005840447543687872
0.0,0.0,0.0,0.0,0.0,0.0,0.0,0.0,0.0,0.00013945453854722034
0.0,0.0,0.0,0.0,0.0,0.0,0.0,0.0,0.0,0.0
0.0,0.0,0.0,0.0,0.0,0.0,0.0,0.0,0.0,1.1421015658684738e-05
0.0,0.0,0.0,0.0,0.0,0.0,0.0,0.0,0.0,2.159370292243411e-05
0.0,0.0,0.0,0.0,0.0,0.0,0.0,0.0,0.0,0.00021408846131474492
0.0,0.0,0.0,0.0,0.0,0.0,0.0,0.0,0.0,3.2078550168903463e-05
0.0,0.0,0.0,0.0,0.0,0.0,0.0,0.0,0.0,0.00016159190052222931
0.0,0.0,0.0,0.0,0.0,0.0,0.0,0.0031798734648230543,0.0048862585908948306,0.005450869281937101
0.0,0.0,0.0,0.0,0.0,0.0,0.0,0.0,0.0010272887161187083,0.0015983146230188557
0.0,0.0,0.0,0.0,0.0,0.012962955389554526,0.027335406635289102,0.032708229577278106,0.03427832326250335,0.03479407209520111
0.0,0.0,0.0,0.0,0.0,0.0,0.0,0.0,0.0,0.000332713835006975
0.0,0.0,0.0,0.0,0.0,0.0,0.0,0.0,0.0,0.0
0.0,0.0,0.0,0.0,0.0,0.0,0.0,0.0,0.0,0.0
0.0,0.0,0.0,0.0,0.0,0.0,0.0,0.0,0.0,0.0
0.0,0.0,0.0,0.0,0.0,0.0,0.0,0.0,0.0,1.1681255890542885e-05
0.0,0.0,0.0,0.0,0.0,0.0,0.0,0.0,0.0,0.0
0.0,0.0,0.0,0.0,0.0,0.0,0.0,0.0,0.0,8.766227920030189e-05
0.0,0.0,0.0,0.0,0.0,0.0,0.0,0.0,0.00040829051844888485,0.0009803454582729854
0.0,0.0,0.0,0.0,0.0,0.0,0.0,0.0,0.001003849199257011,0.0015749140724007809
0.0,0.0,0.0,0.0,0.0,0.0,0.0,0.0,0.0,9.18076482709962e-05
0.0,0.0,0.0,0.0,0.0,0.0,0.0,0.0,0.0,5.2899350413459855e-05
0.0,0.0,0.0,0.0,0.0,0.0,0.0,0.0,0.0,0.0
0.0,0.0,0.0,0.0,0.0,0.0,0.0,0.0,0.0,5.556782724001622e-05
0.0,0.0,0.0,0.0,0.0,0.0,0.0,0.0,0.0,9.639963800775582e-05
0.0,0.0,0.0,0.0,0.0,0.0,0.0,0.0,0.0004919877145154331,0.0010639035147253647
0.0,0.0,0.0,0.0,0.0,0.0,0.0,0.0,0.0,0.0004177091590601879
0.0,0.0,0.0,0.0,0.0,0.0,0.0,0.0,0.0012730303553356772,0.0018436477372377024
0.0,0.0,0.0,0.0,0.018007555294546253,0.04362619370733723,0.05695774887473698,0.061907236003904076,0.0633425583987122,0.06380999036235079
0.0,0.0,0.0,0.0,0.0,0.0,0.0,0.0,0.0,0.00011200808808993639
0.0,0.0,0.0,0.014040569686587769,0.05356749058046045,0.0785314530299248,0.09067811222627278,0.09514569831896265,0.09642760486145616,0.09684003569225001
0.0,0.0,0.0,0.0,0.0,0.0,0.0,0.0,6.984217369243511e-05,0.0006424597556875839
0.0,0.0,0.0,0.0,0.0,0.0,0.0,0.0,0.0,0.0
0.0,0.0,0.0,0.0,0.0,0.0,0.0,3.4433531141648764e-05,0.00175533678815932,0.002325152375806244
0.0,0.0,0.0,0.019788154417000717,0.05887507075637983,0.08189732264687681,0.09392972383667757,0.09835084082733138,0.09961795367494664,0.10002508081668236
0.0,0.0,0.0,0.0,0.0,0.000910701132009277,0.01569227890449095,0.02123149493254534,0.022854560774262705,0.023389300660181744
0.0,0.0,0.0,0.0,0.0,0.0,0.0,0.0,0.0005188853601073284,0.0010907564452227814
0.0,0.0,0.0,0.0,0.0,0.0,0.0,0.0,0.0006847034438458167,0.0012562988702142879
0.0,0.0,0.0,0.0,0.0,0.0,0.0,0.000868929769244769,0.002585981315241382,0.003154416025577698
0.0,0.0,0.0,0.0,0.0,0.0,0.0,0.0,0.00017774647244740447,0.000750184672537286
0.0,0.0,0.0,0.0,0.0,0.0,0.0,0.0,0.0009853243463842632,0.0015564200155523012
0.0,0.0,0.0,0.0,0.0,0.0,0.0,0.0,0.0,0.00020302641328151706
0.0,0.0,0.0,0.0,0.0,0.0,0.0,0.0,0.0,1.277079248162085e-05
0.0,0.0,0.0,0.0,0.0,0.0,0.0,0.0,0.0,0.0001743741541428104
0.0,0.0,0.0,0.0,0.0,0.0,0.0,0.0,0.0,0.0001016667204136204
0.0,0.0,0.0,0.0,0.0,0.0,0.0,0.0,0.0,2.4417108407189408e-05
0.0,0.0,0.0,0.0,0.0,0.0,0.0,0.0,0.0,0.00014998952148253728
0.0,0.0,0.0,0.0,0.0,0.0,0.0,0.0,0.0,6.486867077645709e-05
0.0,0.0,0.0,0.0,0.0,0.0,0.0,0.0,0.0,5.9074102281563594e-05
0.0,0.0,0.0,0.0,0.0,0.0,0.0,0.0,0.0,0.00023566526653853669
0.0,0.0,0.0,0.0,0.0,0.0,0.0,0.0,0.0,8.295363675511904e-05
0.0,0.0,0.0,0.0,0.0,0.0,0.0,0.0,0.0,0.0
0.0,0.0,0.0,0.0,0.0,0.0,0.0,0.0,0.0,0.00018121606604290454
0.0,0.0,0.0,0.0,0.0,0.0,0.0,0.0,0.0,0.00020058680481629617
0.0,0.0,0.0,0.0,0.0,0.0,0.0,0.0,0.0,6.221335530606209e-05
0.0,0.0,0.0,0.0,0.0,0.0,0.0,0.0,0.0,0.0
0.0,0.0,0.0,0.0,0.0,0.0,0.0,0.0,0.0,0.00024851885499273344
0.0,0.0,0.0,0.0,0.0,0.0,0.0,0.0,0.0,0.0003166035687766539
0.0,0.0,0.0,0.0,0.0,0.0,0.0,0.0,0.0,0.00016609635485501122
0.0,0.0,0.0,0.0,0.0,0.0,0.0,0.0,0.0008140620168144159,0.0013854423953344743
0.0,0.0,0.0,0.0,0.0,0.0,0.0,0.0,0.0,0.0001054241326975525
0.0,0.0,0.0,0.0,0.0,0.0,0.0,0.0,0.00025146440441326575,0.0008237800545839971
0.0,0.0,0.0,0.0,0.0,0.0,0.0,0.0,0.0,0.00044782415904694325
0.0,0.0,0.0,0.0,0.0,0.0,0.0,0.0,0.00026305541528761283,0.0008353517963686174
0.0,0.0,0.0,0.0,0.0,0.0,0.0,0.0,0.0,0.00011801574752896093
0.0,0.0,0.0,0.0,0.0,0.0,0.0,0.0,0.0,4.478251904028419e-05
0.0,0.0,0.0,0.0,0.0,0.0,0.0,0.0,0.00038712271043063505,0.0009592128399717021
0.0,0.0,0.0,0.0,0.0,0.0,0.0,0.0,0.0004667219979049259,0.0010386798002633894
0.0,0.0,0.0,0.0,0.0,0.0,0.0,0.0,0.0,0.0
0.0,0.0,0.0,0.0,0.0,0.0,0.0,0.0,0.0,2.093934813581137e-05
0.0,0.0,0.0,0.0,0.0,0.0,0.0,0.0,0.000167691718833508,0.0007401466341134336
0.0,0.0,0.0,0.0,0.0,0.0,0.0,0.0,0.0,2.180971488843144e-06
0.0,0.0,0.0,0.0,0.0,0.0,0.0,0.0,0.0,0.0
0.0,0.0,0.0,0.0,0.017267747401710044,0.04293272699857952,0.056287822627365675,0.06124688373856866,0.06268525406335183,0.06315377874067632
0.0,0.0,0.0,0.0,0.0,0.0,0.0,0.0,0.0,0.00033822326692766825
0.0,0.0,0.0,0.0,0.0,0.0,0.0,0.0,0.0,0.0002838806083346226
0.0,0.0,0.0,0.0,0.0,0.0,0.0,0.0,0.0,1.487125428725347e-05
0.0,0.0,0.0,0.0,0.0,0.0,0.0,0.0,0.0,0.0003355701685796294
0.0,0.0,0.0,0.0,0.0,0.0,0.0,0.0,0.0,0.00021123217165051295
0.0,0.0,0.0,0.0,0.0,0.0,0.0,0.0,0.0011336886740531957,0.0017045376998893367
0.0,0.0,0.0,0.0,0.0,0.0,0.0,0.0,0.0,9.641950030611607e-05
0.0,0.0,0.0,0.0,0.0,0.0,0.0,0.0,0.0,0.0005008715347011114
0.0,0.0,0.0,0.0,0.0,0.00036305406064602105,0.01516322229258882,0.02070999912083308,0.022335471984983493,0.022871074812760253
0.0,0.0,0.0,0.0,0.0,0.0,0.0,0.0,6.75404526817188e-05,0.0006401618610962509
0.0,0.0,0.0,0.0,0.0,0.0,0.0,0.0,0.001535885571599068,0.002106065978607166
0.0,0.0,0.0,0.0,0.0,0.0,0.0,0.0,0.00024200204131410237,0.0008143334218750095
0.0,0.0,0.0,0.0,0.0,0.0,0.0,0.0,0.001159039642747601,0.0017298465247107245
0.0,0.0,0.0,0.0,0.0,0.0,0.0,0.0,0.0,4.1251303190932705e-07
0.0,0.0,0.0,0.0,0.0,0.0,0.0,0.001635073871100632,0.0033485891930304414,0.003915756131316265
0.0,0.0,0.0,0.0,0.0,0.0,0.0,0.0,0.0,0.00038041197692636065
0.0,0.0,0.0,0.0,0.0,0.0,0.0,0.0,0.0,0.0003598032228010798
0.0,0.0,0.0,0.0,0.0,0.0,0.0,8.505449009648383e-05,0.001805724100398208,0.0023754559233371917
0.0,0.0,0.0,0.0,0.0,0.0,0.0,0.0,0.0,0.0005169218566861888
0.0,0.0,0.0,0.0,0.0,0.0,0.0,0.0,0.0,0.0004977291490694126
0.0,0.0,0.0,0.0,0.0,0.0,0.0,0.0,0.0002586613390407109,0.0008309650249073279
0.0,0.0,0.0,0.0,0.0,0.0,0.0,0.0,0.0,0.00030918621605941984
0.0,0.0,0.0,0.0,0.0,0.0,0.0,0.0,0.0,1.4629715584547036e-05
0.0,0.0,0.0,0.0,0.0,0.0,0.0,0.0,2.343101570660567e-05,0.0005961257523845726
0.0,0.0,0.0,0.0,0.0,0.0,0.0,0.0,0.0,0.000350546979814746
0.0,0.0,0.0,0.0,0.0,0.0,0.0,0.0,8.173414032726875e-05,0.000654331952918817
0.0,0.0,0.0,0.0,0.0,0.0,0.0,0.0,0.0,0.0003772099442022715
0.0,0.0,0.0,0.0,0.0,0.0,0.0,0.0,0.0,0.00013070360919290616
0.0,0.0,0.0,0.0,0.0,0.0,0.0,0.0,0.0,1.070432001334113e-05
0.0,0.0,0.0,0.0,0.0,0.0,0.0,0.0039592997232869315,0.005662087320007764,0.006225408260435879
0.0,0.0,0.0,0.0,0.0,0.0,0.0,0.0,0.0,0.0
0.0,0.0,0.0,0.0,0.0,0.0,0.0,0.0,0.0,5.7219710428418475e-05
0.0,0.0,0.0,0.0,0.0,0.0,0.00327156628291213,0.008988287939352694,0.01066786367668801,0.011222862931042785
0.0,0.0,0.0,0.0,0.0,0.0,0.0,0.004805753829408563,0.006504634522226773,0.007066554798138688
0.0,0.0,0.0,0.0,0.0,0.0,0.0,0.0031897761820051497,0.004896115600974644,0.005460709905559019
0.0,0.0,0.0,0.0,0.0,0.0,0.0007294972887634814,0.006482547903771483,0.00817368916539591,0.008732834777041978
0.0,0.0,0.0,0.0,0.0,0.0,0.0,0.0005279975995662935,0.002246622756246124,0.0028156216219088147
0.0,0.0,0.0,0.0,0.0,0.0,0.0,0.0,0.0,0.0
0.0,0.0,0.0,0.0,0.0,0.0,0.0,0.003905041656511794,0.005608079687427817,0.006171490411044767
0.0,0.0,0.0,0.0,0.0,0.0,0.0,0.0,0.0,0.0
0.0,0.0,0.0,0.0,0.0,0.0,0.0,0.0,0.0,0.0
0.0,0.0,0.0,0.0,0.0,0.0,0.0,0.0,0.0,0.0001271220932934717
0.0,0.0,0.0,0.0,0.0,0.0,0.0,0.0,0.0,0.00033483387332594806
0.0,0.0,0.0,0.0,0.0,0.0,0.0,0.0,0.0,0.00027297322749137624
0.0,0.0,0.0,0.0,0.0,0.0,0.0,0.0,0.0,0.0002702750661106575
0.0,0.0,0.0,0.0,0.0,0.0,0.0,0.0,0.0008660206218570001,0.0014373146235257643
0.0,0.0,0.0,0.0,0.0,0.0,0.0,0.0,0.0,7.057152022471633e-05
0.0,0.0,0.0,0.0,0.0,0.0,0.0,0.0,0.0,3.41628938812251e-05
0.0,0.0,0.0,0.0,0.0,0.0,0.0,0.0,0.0,4.806506895180892e-05
0.0,0.0,0.0,0.0,0.0,0.0,0.0,0.0,0.0008627304134838549,0.0014340298848498742
0.0,0.0,0.0,0.0,0.0,0.0,0.0,0.0,0.0,0.00031708423017645903
0.0,0.0,0.0,0.0,0.0,0.0,0.0,0.0,0.0,1.2322869824252207e-05
0.0,0.0,0.0,0.0,0.0,0.0,0.0,0.0,0.0,0.0
0.0,0.0,0.0,0.0,0.0,0.0,0.0,0.0,0.0,0.00021894508193070003
0.0,0.0,0.0,0.0,0.0,0.0,0.0,0.0,0.0005443755755819294,0.0011162042853381962
0.0,0.0,0.0,0.0,0.0,0.0,0.0,0.0,0.0004803704502642251,0.0010523055632079348
0.0,0.0,0.0,0.0,0.0,0.0,0.0,0.0,0.0,0.0
0.0,0.0,0.0,0.0,0.0,0.0,0.0,0.0,0.0,0.0004303312160675371
0.0,0.0,0.0,0.0,0.0,0.0,0.0,0.0,0.0,0.00048176068010402325
0.0,0.0,0.0,0.0,0.0,0.0,0.0,0.0,0.0,0.0
0.0,0.0,0.0,0.0,0.0,0.0,0.0,0.0,0.0,2.1456425432517027e-06
0.0,0.0,0.0,0.0,0.0,0.0,0.0,0.00030679732398992526,0.002026443455361308,0.0025958083507646927
0.0,0.0,0.0,0.0,0.0,0.0,0.0,0.0,0.0,0.000527390025140629
0.0,0.0,0.0,0.0,0.0,0.0,0.0,0.0,0.0,5.230214040725248e-05
0.0,0.0,0.0,0.0,0.0,0.0,0.0,0.0,0.0,0.00021933687470119777
0.0,0.0,0.0,0.0,0.0,0.0,0.0,0.00014032855075204206,0.0018607430374248217,0.0024303833959655975
0.0,0.0,0.0,0.0,0.0,0.0,0.0,0.0007530877670107515,0.00247067399476665,0.003039300393914966
0.0,0.0,0.0,0.0,0.0,0.0,0.0,0.0,0.0,0.00019271794688856012
0.0,0.0,0.0,0.0,0.0,0.0,0.0,0.0,0.0,0.000211872455216081
0.0,0.0,0.0,0.0,0.0,0.0,0.0,0.0,0.0,0.0
0.0,0.0,0.0,0.0,0.0,0.0,0.0,0.0,9.686648717264278e-05,0.0006694391434985036
0.0,0.0,0.0,0.0,0.0,0.0,0.0,0.0,0.0,0.00023390473677144778
0.0,0.0,0.0,0.0,0.0,0.0,0.0,0.0,0.000791887871034845,0.0013633051122245421
0.0,0.0,0.0,0.0,0.0,0.0,0.0,0.0,0.0,0.00036777471712187633
0.0,0.0,0.0,0.0,0.0,0.0,0.0,0.0,0.0,0.0005139172306659453
0.0,0.0,0.0,0.0,0.0,0.0,0.0,0.0,0.0,0.00023455678640255394
0.0,0.0,0.0,0.0,0.0,0.0,0.0,0.0,0.0008843689093782694,0.0014556324085479493
0.0,0.0,0.0,0.0,0.0,0.0,0.0,0.0,0.0,6.285848124476126e-05
0.0,0.0,0.0,0.0,0.0,0.0,0.0,0.0,0.0,0.0
0.0,0.0,0.0,0.0,0.0,0.0,0.0,0.0,7.228273011427715e-05,0.0006448962548877405
0.0,0.0,0.0,0.0,0.0,0.0,0.0,0.0,0.0,0.0001881801304763886
0.0,0.0,0.0,0.0,0.0,0.0,0.0,0.0,0.0,7.892660933293152e-05
0.0,0.0,0.0,0.0,0.0,0.0,0.0,0.0,0.0,0.00010459414363415662
0.0,0.0,0.0,0.0,0.0,0.0,0.0,0.0,0.0007360385436604995,0.0013075486297031626
0.0,0.0,0.0,0.0,0.0,0.0,0.0,0.0,0.0,0.0002114842755996848
0.0,0.0,0.0,0.0,0.0,0.0,0.0,0.0,0.0,7.750270336775392e-05
0.0,0.0,0.0,0.0,0.0,0.0,0.0,0.0013582324107507167,0.0030730255255035826,0.0036406505654245935
0.0,0.0,0.0,0.0,0.0,0.0,0.0,0.0013083880768678614,0.0030234112537365137,0.0035911187732500962
0.0,0.0,0.0,0.0,0.0,0.0,0.0,0.0,0.0,6.513199374362142e-05
0.0,0.0,0.0,0.0,0.0,0.0,0.0,0.0,0.0,0.00016189211428695519
0.0,0.0,0.0,0.0,0.0,0.0,0.0,0.0,0.0,0.00021550662898329274
0.0,0.0,0.0,0.0,0.0,0.0,0.0,0.0,0.0,0.0
0.0,0.0,0.0,0.0,0.0,0.0,0.0,0.0,0.0,0.0004390793486506675
0.0,0.0,0.0,0.0,0.0,0.0,0.0,0.0,0.0,0.0004889649622492468
0.0,0.0,0.0,0.0,0.0,0.0,0.0,0.0,0.0,0.00046325234809923
0.0,0.0,0.0,0.0,0.0,0.0,0.0,0.0,0.00042375627822285053,0.0009957855075100525
0.0,0.0,0.0,0.0,0.0,0.0,0.0,0.0,0.0,0.0002477730463074852
0.0,0.0,0.0,0.0,0.0,0.0,0.0,0.0,0.0,0.000367791247164835
0.0,0.0,0.0,0.0,0.0,0.0,0.0,0.0,0.0,0.0003058158493116228
0.0,0.0,0.0,0.0,0.0,0.0,0.0,0.0,0.00023137422515938106,0.0008037232735790543
0.0,0.0,0.0,0.0,0.0,0.0,0.0,0.0,0.0,0.0002868799774497263
0.0,0.0,0.0,0.0,0.0,0.0,0.0,0.0,0.0,8.306741360584372e-05
0.0,0.0,0.0,0.0,0.0,0.0,0.0,0.0,0.0,8.287827546782985e-05
0.0,0.0,0.0,0.0,0.0,0.0,0.0,0.0,0.0,0.0002627748192700984
0.0,0.0,0.0,0.0,0.0,0.0,0.0,0.0,0.0007641120506054334,0.0013355754667821005
0.0,0.0,0.0,0.0,0.0,0.0,0.0,0.00322745406890455,0.004933619581359438,0.005498151538701542
0.0,0.0,0.0,0.0,0.0,0.0,0.0,0.0,8.868696229558833e-05,0.0006612732163999766
0.0,0.0,0.0,0.0,0.0,0.0,0.0,0.0,0.0,0.00010763803846899828
0.0,0.0,0.0,0.0,0.0,0.0,0.0,0.0,0.0,7.839073372366065e-05
0.0,0.0,0.0,0.0,0.0,0.0,0.0,0.0,0.0,0.0
0.0,0.0,0.0,0.0,0.0,0.0,0.0,0.0,0.0,6.812170013018986e-05
0.0,0.0,0.0,0.0,0.0,0.0,0.0,0.0,0.00035068713185695485,0.0009228378325113089
0.0,0.0,0.0,0.0,0.0,0.0,0.0,0.0,0.0,6.690698880553754e-05
0.0,0.0,0.0,0.0,0.0,0.0,0.0,0.0,0.0,0.0005691757270097816
0.0,0.0,0.0,0.0,0.0,0.0,0.0,0.0,0.0,9.967600868139375e-05
0.0,0.0,0.0,0.0,0.0,0.0,0.0,0.0,0.00027391044813208915,0.0008461887836255143
0.0,0.0,0.0,0.0,0.0,0.0,0.0,0.0,0.0,0.0003224210638250687
0.0,0.0,0.0,0.0,0.0,0.0,0.0,0.0,0.00031440162393361497,0.000886612646221305
0.0,0.0,0.0,0.0,0.0,0.0,0.0,0.0,0.0,0.0005132171856809518
0.0,0.0,0.0,0.0,0.0,0.0,0.0,0.0,0.0,0.00015530649580201657
0.0,0.0,0.0,0.0,0.0,0.0,0.0,0.0,0.0,0.00033426493692191193
0.0,0.0,0.0,0.0,0.0,0.0,0.0,0.0,0.0,0.00015955381461227428
0.0,0.0,0.0,0.0,0.0,0.0,0.0,0.0,0.0,0.00017580144894452043
0.0,0.0,0.0,0.0,0.0,0.0,0.0,0.0,0.0,0.0
0.0,0.0,0.0,0.0,0.0,0.0,0.0,0.0,0.0005409655008943624,0.0011127998796156436
0.0,0.0,0.0,0.0,0.0,0.0,0.0,0.0,0.0,0.000515346680292682
0.0,0.0,0.0,0.0,0.0,0.0,0.0,0.0,0.0,0.0001095847432048142
0.0,0.0,0.0,0.0,0.0,0.0,0.0,0.0,0.0,0.0003528338529793887
0.0,0.0,0.0,0.0,0.0,0.0,0.0,0.0,0.0,8.860857478821562e-05
0.0,0.0,0.0,0.0,0.0,0.0,0.0,0.0,0.0,0.00015479065213124495
0.0,0.0,0.0,0.0,0.0,0.0,0.0,0.0,0.0,0.0002717069330878946
0.0,0.0,0.0,0.0,0.0,0.0,0.0,0.0,0.0,0.0003101252581016258
0.0,0.0,0.0,0.0,0.0,0.0,0.0,0.0,0.0,0.0005669013670889228
0.0,0.0,0.0,0.0,0.0,0.0,0.0,0.0,0.0,5.5615992479329815e-05
0.0,0.0,0.0,0.0,0.0,0.0,0.0,0.0,0.0,0.00018398680496439852
0.0,0.0,0.0,0.0,0.0,0.0,0.0,0.0,0.000826623070752254,0.001397982567566824
0.0,0.0,0.0,0.0,0.0,0.0,0.0,0.0,3.619563343789543e-05,0.0006088691500025299
0.0,0.0,0.0,0.0,0.0,0.0,0.0,0.0,0.0,0.00039707130061235584
0.0,0.0,0.0,0.0,0.0,0.0,0.0,0.0,0.00031633809125369004,0.0008885458943258219
0.0,0.0,0.0,0.0,0.0,0.0,0.0,0.0,0.0,0.0003301800629466964
0.0,0.0,0.0,0.0,0.0,0.0,0.0,0.0,0.0004438450414860869,0.0010158408748783135
0.0,0.0,0.0,0.0,0.0,0.0,0.0,0.0,0.0,0.0005709151286451135
0.0,0.0,0.0,0.0,0.0,0.0,0.0,0.0,0.0,0.0004452654105845194
0.0,0.0,0.0,0.0,0.0,0.0,0.0,0.0,0.0,0.0
0.0,0.0,0.0,0.0,0.0,0.0,0.0,0.0012258622299813414,0.0029412663141560563,0.003509110392786745
0.0,0.0,0.0,0.0,0.0,0.0,0.0,0.0,0.0002939366212867713,0.0008661816649360609
0.0,0.0,0.0,0.0,0.0,0.0,0.0,0.0,0.00024131740922074722,0.0008136499279254607
0.0,0.0,0.0,0.0,0.0,0.0,0.0,0.0,0.0,0.00014895973832233415
0.0,0.0,0.0,0.0,0.0,0.0,0.0,0.0,0.0,0.00012586981544914766
0.0,0.0,0.0,0.0,0.0,0.0,0.0,0.0,0.0,0.00024064515945426937
0.0,0.0,0.0,0.0,0.0,0.0,0.0,0.0,0.0,0.0005421883467054694
0.0,0.0,0.0,0.0,0.0,0.0,0.0,0.0,0.0006418585630779106,0.0012135252154904948
0.0,0.0,0.0,0.0,0.0,0.0,0.0,0.0,0.0,6.61275025447651e-05
0.0,0.0,0.0,0.0,0.0,0.0,0.0,0.0,0.0,0.00030071187737701853
0.0,0.0,0.0,0.0,0.0,0.0,0.0,0.0,0.0,0.000195765257534321
0.0,0.0,0.0,0.0,0.0,0.0,0.0,0.0,0.0003191674258020652,0.0008913705253412722
0.0,0.0,0.0,0.0,0.0,0.0,0.0,0.0,0.0,0.00044451160041531076
0.0,0.0,0.0,0.0,0.0,0.0,0.0,0.0,0.0006646418139122636,0.0012362705910688107
0.0,0.0,0.0,0.0,0.0,0.0,0.0,0.0,0.0,0.0
0.0,0.0,0.0,0.0,0.0,0.0,0.0,0.0,0.0,0.00025706221784658573
0.0,0.0,0.0,0.0,0.0,0.0,0.0,0.0,0.0,0.00023077550450378867
0.0,0.0,0.0,0.0,0.0,0.0,0.0,0.0,0.0,0.0002681030648357034
0.0,0.0,0.0,0.0,0.0,0.0,0.0,0.0,0.0,0.0002219867888830904
0.0,0.0,0.0,0.0,0.0,0.0,0.0,0.0,0.0,1.3911919090224796e-05
0.0,0.0,0.0,0.0,0.0,0.0,0.0,0.0,0.00011273834363686823,0.000685284614323922
0.0,0.0,0.0,0.0,0.0,0.0,0.0,0.0,0.0,0.0001742990441849822
0.0,0.0,0.0,0.0,0.0,0.0,0.0,0.0,0.0,0.00017998601191517393
0.0,0.0,0.0,0.0,0.0,0.0,0.0,0.0,3.8031898878778e-05,0.0006107023628051287
0.0,0.0,0.0,0.0,0.0,0.0,0.0,0.0,0.0,0.00012890587263981955
0.0,0.0,0.0,0.0,0.0,0.0,0.0,0.0,0.0,2.6002589153407557e-05
0.0,0.0,0.0,0.0,0.0,0.0,0.0,4.343588831296479e-05,0.0017642975939410083,0.002334098284995003
0.0,0.0,0.0,0.0,0.0,0.0,0.0,9.161331070097529e-05,0.0018122526480302715,0.0023819736178028253
0.0,0.0,0.0,0.0,0.0,0.0,0.0,0.0,0.0,0.0005036465166752964
0.0,0.0,0.0,0.0,0.0,0.0,0.0,0.0,0.0,7.1766950980156e-05
0.0,0.0,0.0,0.0,0.0,0.0,0.0,0.0,0.0,7.591844692005661e-05
0.0,0.0,0.0,0.0,0.0,0.0,0.0,0.0,0.00046840679583401646,0.0010403617973563132
0.0,0.0,0.0,0.0,0.0,0.0,0.0,0.0,0.0,0.0004476305099486827
0.0,0.0,0.0,0.0,0.0,0.0,0.0,0.0,0.0,0.0002071711839983285
0.0,0.0,0.0,0.0,0.0,0.0,0.0,0.0,0.0,0.0
0.0,0.0,0.0,0.0,0.0,0.0,0.0,0.0,0.0008496183235577273,0.0014209395926806489
0.0,0.0,0.0,0.0,0.0,0.0,0.0,0.0,0.0,0.00010728632905021378
0.0,0.0,0.0,0.0,0.0,0.0,0.0,0.0,0.0,4.363196312484183e-06
0.0,0.0,0.0,0.0,0.0,0.0,0.0,0.0,0.0,0.00018475019062874428
0.0,0.0,0.0,0.0,0.0,0.0,0.0,0.0,0.0,0.0002831939888580156
0.0,0.0,0.0,0.0,0.0,0.0,0.0,0.0,0.0003355409395298413,0.0009077168194668424
0.0,0.0,0.0,0.0,0.0,0.0,0.0,0.0,0.0,0.0
0.0,0.0,0.0,0.0,0.0,0.0,0.0,0.0,0.0,0.0
0.0,0.0,0.0,0.0,0.0,0.0,0.0,0.0,0.0,0.0003681286413597826
0.0,0.0,0.0,0.0,0.0,0.0,0.0,0.0,0.0,0.0
0.0,0.0,0.0,0.0,0.0,0.0,0.0,0.0,0.0,0.00015678403367521792
0.0,0.0,0.0,0.0,0.0,0.0,0.0,0.0,0.0,0.0001649561171184157
0.0,0.0,0.0,0.0,0.0,0.0,0.0,0.0,0.0,0.00010188015956757868
0.0,0.0,0.0,0.0,0.0,0.0,0.0,0.0,0.0001173979646461478,0.0006899364891015489
0.0,0.0,0.0,0.0,0.0,0.0,0.0,0.0,0.0,0.00019077146947406174
0.0,0.0,0.0,0.0,0.0,0.0,0.0,0.0,0.0004624626932313612,0.0010344275763289267
0.0,0.0,0.0,0.0,0.0,0.0,0.0,0.000519583350223701,0.0022382473438154874,0.00280726013290344
0.0,0.0,0.0,0.0,0.0,0.0,0.0,0.0,0.0015863053420380295,0.0021564019303791345
0.0,0.0,0.0,0.0,0.0,0.0,0.0,0.0,0.0004946981061026207,0.0010666094005123894
0.0,0.0,0.0,0.0,0.0,0.0,0.0,0.0,0.0,0.00014450216422790712
0.0,0.0,0.0,0.0,0.0,0.0,0.0,0.0,0.0003810631073880076,0.0009531633105142004
0.0,0.0,0.0,0.0,0.0,0.0,0.0,0.0,0.0,0.00010853457971706361
0.0,0.0,0.0,0.0,0.0,0.0,0.0,0.0,0.0,4.325423772344123e-05
0.0,0.0,0.0,0.0,0.027298979597395967,0.05240541005190802,0.0654389454286643,0.07026722694188661,0.07166396286049329,0.07211756118261733
0.0,0.0,0.0,0.0,0.0,0.0,0.0,0.0,0.0,0.00018151565502211263
0.0,0.0,0.0,0.0,0.0,0.0,0.0,0.00047861226306834863,0.002197465363310034,0.0027665459490423105
0.0,0.0,0.0,0.0,0.0,0.0,0.0,0.0,0.0007938166851947402,0.00136523071989162
0.0,0.0,0.0,0.0,0.0,0.0,0.0,0.0,0.0,0.00018467838166234251
0.0,0.0,0.0,0.0,0.0,0.0,0.0,0.0,0.0,0.0
0.0,0.0,0.0,0.0,0.0,0.0,0.0,0.0,0.0,0.0
0.0,0.0,0.0,0.0,0.0,0.0,0.0,0.0,0.001320565863882373,0.0018911042219624625
0.0,0.0,0.0,0.0,0.0,0.0,0.0,0.0,0.0,0.0
0.0,0.0,0.0,0.0,0.0,0.0,0.0,0.0,0.0,2.308939968314506e-05
0.0,0.0,0.0,0.0,0.0,0.0,0.0,0.0,0.0002506720817165614,0.0008229890490577536
0.0,0.0,0.0,0.0,0.0,0.0,0.0,0.0,0.0,8.79171885474934e-05
0.0,0.0,0.0,0.0,0.0,0.0,0.0,0.0,0.0,0.0003968281356743013
0.0,0.0,0.0,0.0,0.0,0.0,0.0,0.0,0.0,0.00011588270083821555
0.0,0.0,0.0,0.0,0.0,0.0,0.0,0.0,0.0,0.0
0.0,0.0,0.0,0.0,0.0,0.0,0.0,0.0,0.0,0.0002409272271511942
0.0,0.0,0.0,0.0,0.0,0.0,0.0,0.0,0.0,1.3240182301850543e-05
0.0,0.0,0.0,0.0,0.0,0.0,0.0,0.0,0.0,3.0413094067510547e-05
0.0,0.0,0.0,0.0,0.0,0.0,0.0,0.0,0.0,0.00033922206914618
0.0,0.0,0.0,0.0,0.0,0.0,0.0,0.0007665180222949271,0.002484042261200629,0.003052646436719945
0.0,0.0,0.0,0.0,0.0,0.0,0.0,0.0,0.0015370670993146722,0.0021072455421313973
0.0,0.0,0.0,0.0,0.0,0.0,0.0,0.0,0.0,0.0002066337432222562
0.0,0.0,0.0,0.0,0.0,0.0,0.0,0.0,0.0,0.00017261310810191423
0.0,0.0,0.0,0.0,0.0,0.0,0.0,0.0,0.0,0.0002707207027579317
0.0,0.0,0.0,0.0,0.0,0.0,0.0,0.0,0.0,3.5555055933004784e-05
0.0,0.0,0.0,0.0,0.0,0.0,0.0,0.0,0.0,0.00023804941076666187
0.0,0.0,0.0,0.0,0.0,0.0,0.0,0.0,0.0,0.0002998537711305617
0.0,0.0,0.0,0.0,0.0,0.0,0.0,0.0,0.0,0.00039042067988298963
0.0,0.0,0.0,0.0,0.0,0.0,0.0,0.0,0.001109448898709444,0.0016803382211522501
0.0,0.0,0.0,0.0,0.0,0.0,0.0,0.0,0.0,0.0
0.0,0.0,0.0,0.0,0.0,0.0,0.0,0.0,0.0,0.00014373995368287327
0.0,0.0,0.0,0.0,0.0,0.0,0.0,0.0,0.0,0.00013185002532367025
0.0,0.0,0.0,0.0,0.0,0.0,0.0,0.0,0.0,4.2843840104492824e-05
0.0,0.0,0.0,0.0,0.0,0.0,0.0,0.0,0.0,0.00011918868387141311
0.0,0.0,0.0,0.0,0.0,0.0,0.0,0.0,0.0,0.00018801409416738861
0.0,0.0,0.0,0.0,0.0,0.0,0.0,0.0,6.076482590912844e-06,0.000578800069734072
0.0,0.0,0.0,0.0,0.0,0.0,0.0,0.0,0.0,0.0
0.0,0.0,0.0,0.0,0.0,0.0,0.0,0.0,0.0,9.531103934910278e-05
0.0,0.0,0.0,0.0,0.0,0.0,0.0,0.00022949868813995793,0.0019495016000383478,0.0025189944048648223
0.0,0.0,0.0,0.0,0.0,0.0,0.0,0.0,0.0005288560686040262,0.0011007105782474393
0.0,0.0,0.0,0.0,0.0,0.0,0.0,5.504362162200341e-05,0.0017758517504545212,0.002345633233686093
0.0,0.0,0.0,0.0,0.0,0.0,0.0,0.0,3.591480381886641e-05,0.0006085887872393416
0.0,0.0,0.0,0.0,0.0,0.0,0.0,0.0,0.0006059793739940452,0.0011777056725687522
0.0,0.0,0.0,0.0,0.0,0.0,0.0,0.0,0.0,0.0004511074927715547
0.0,0.0,0.0,0.0,0.0,0.0,0.0,0.0,0.0,0.0
0.0,0.0,0.0,0.0,0.0,0.0,0.0,0.0,0.0,0.0
0.0,0.0,0.0,0.0,0.0,0.0,0.0,0.0,0.0,2.6133197094199477e-05
0.0,0.0,0.0,0.0,0.0,0.0,0.0,0.0,0.0,0.0
0.0,0.0,0.0,0.0,0.0,0.0,0.0,0.0,0.0,5.1272228700361295e-05
0.0,0.0,0.0,0.0,0.0,0.0,0.0,0.0,0.0,8.054113103107075e-06
0.0,0.0,0.0,0.0,0.0,0.0,0.0,0.0,0.0012016977755804961,0.0017724337419523875
0.0,0.0,0.0,0.0,0.0,0.0,0.0,0.0,0.0,0.00015591036313853334
0.0,0.0,0.0,0.0,0.0,0.0,0.0,0.0,0.0,0.00033768860005554876
0.0,0.0,0.0,0.0,0.0,0.0,0.0,0.0,0.0,1.2793016405702448e-06
0.0,0.0,0.0,0.0,0.0,0.0,0.0,0.0,0.0,0.00036917772939621394
0.0,0.0,0.0,0.0,0.0,0.0,0.0,0.0,0.0,0.00028423241683895765
0.0,0.0,0.0,0.0,0.0,0.0,0.0,0.0,0.0,0.0002536527196147936
0.0,0.0,0.0,0.0,0.0,0.0,0.0,0.0,0.0,0.00013581008829543999
0.0,0.0,0.0,0.0,0.0,0.0,0.0,0.0,0.001457016868875522,0.0020273283885299536
0.0,0.0,0.0,0.0,0.0,0.0,0.0,0.0,0.0,0.0005477934024460154
0.0,0.0,0.0,0.0,0.0,0.0,0.0,0.0,1.0279237820151316e-05,0.0005829958382329476
0.0,0.0,0.0,0.0,0.0,0.0,0.0,0.0,0.0,0.00015252051017292792
0.0,0.0,0.0,0.0,0.0,0.0,0.0,0.0,0.0,0.00041131519336981255
0.0,0.0,0.0,0.0,0.0,0.0,0.0,0.0,0.0015817286547565605,0.002151832851458906
0.0,0.0,0.0,0.0,0.0,0.0,0.0,0.0,6.270999653024229e-05,0.0006353394351756156
0.0,0.0,0.0,0.0,0.0,0.0,0.0,0.0,3.6533448087772945e-05,0.0006092064030637013
0.0,0.0,0.0,0.0,0.0,0.0,0.0,0.0038898641303434464,0.005592972214834484,0.00615640805336575
0.0,0.0,0.0,0.0,0.0,0.0,0.0,0.0,0.0,1.3434681051074201e-05
0.0,0.0,0.0,0.0,0.0,0.0,0.0,0.0,0.0003214184465311855,0.0008936178039360026
0.0,0.0,0.0,0.0,0.0,0.0,0.0,0.0,0.0,5.648374971308182e-05
0.0,0.0,0.0,0.0,0.0,0.0,0.0,0.0,0.0,0.0
0.0,0.0,0.0,0.0,0.0,0.0,0.0,0.0,0.0,0.000419588536487567
0.0,0.0,0.0,0.0,0.0,0.0,0.0,0.0,0.0,0.00010892834528599123
0.0,0.0,0.0,0.0,0.0,0.0,0.0,0.0,0.0007393232913449056,0.0013108279167682538
0.0,0.0,0.0,0.0,0.0,0.0,0.0,0.0,0.0,4.651476327892356e-05
0.0,0.0,0.0,0.0,0.0,0.0,0.0,0.0,0.0,0.00013270060566259836
0.0,0.0,0.0,0.0,0.0,0.0,0.0,0.0,0.0,4.894581345240684e-05
0.0,0.0,0.0,0.0,0.0,0.0,0.0,0.0,0.0005373865960348433,0.0011092269243872315
0.0,0.0,0.0,0.0,0.0,0.0,0.0,0.0,0.0,0.00027612635425975724
0.0,0.0,0.0,0.0,0.0,0.0,0.0,0.0,0.00020190682259334223,0.0007743048581143317
0.0,0.0,0.0,0.0,0.0,0.0,0.0,0.0,0.0,3.535756399669256e-05
0.0,0.0,0.0,0.0,0.0,0.0,0.0,0.0034013886626054527,0.005106751360426899,0.00567099550061297
0.0,0.0,0.0,0.0,0.0,0.0,0.0,0.0,0.0,0.0
0.0,0.0,0.0,0.0,0.0,0.0,0.0,0.0,0.0,0.00013099848283276358
0.0,0.0,0.0,0.0,0.0,0.0,0.0,0.0,0.0,0.00048216233997776427
0.0,0.0,0.0,0.0,0.0,0.0,0.0,0.0,0.0,0.0002064944370484837
0.0,0.0,0.0,0.0,0.0,0.0,0.0,0.0,0.0,0.0002492686058810737
0.0,0.0,0.0,0.0,0.0,0.0,0.0,0.0,0.0,0.00021251097532329395
0.0,0.0,0.0,0.0,0.0,0.0,0.0,0.0,0.0,0.00018172984424452536
0.0,0.0,0.0,0.0,0.0,0.0,0.0,0.0,0.0,4.453095544025243e-05
0.0,0.0,0.0,0.0,0.0,0.0,0.0,0.0,0.0,0.00010990873534284465
0.0,0.0,0.0,0.0,0.0,0.0,0.0,0.0,0.0004494265630586113,0.0010214131176363185
0.0,0.0,0.0,0.0,0.0,0.0,0.0,0.0,0.0,0.000306285572517522
0.0,0.0,0.0,0.0,0.0,0.0,0.0,0.0,0.0,0.0001755286285279776
0.0,0.0,0.0,0.0,0.0,0.0,0.0,0.0,0.0010411290891117158,0.0016121319875450483
0.0,0.0,0.0,0.0,0.0,0.0,0.0,0.0024588821442702224,0.004168595086680361,0.004734398833497165
0.0,0.0,0.0,0.0,0.0,0.0,0.0,0.0,0.0,0.0
0.0,0.0,0.0,0.0,0.0,0.0,0.0,0.0,0.0,0.0002424695888796903
0.0,0.0,0.0,0.0,0.0,0.0,0.0,0.0,0.0,0.0
0.0,0.0,0.0,0.0,0.0,0.0,0.0,0.0,0.0,0.00018271826532951295
0.0,0.0,0.0,0.0,0.03156661092402938,0.05643320368095371,0.0693300113399991,0.07410268524673966,0.07548171817718526,0.07592896979921993
0.0,0.0,0.0,0.0,0.0,0.0,0.0,0.0,0.0,8.797118123108828e-05
0.0,0.0,0.0,0.0,0.0,0.0,0.0,0.0,0.0006859664862390593,0.001257559812904798
0.0,0.0,0.0,0.0,0.0,0.0,0.010298196555896085,0.015914499946489614,0.017562106975154992,0.018105645124507245
0.0,0.0,0.0,0.0,0.0,0.0,0.0,0.0,0.00041977665453273743,0.0009918124996127116
0.0,0.0,0.0,0.0,0.0,0.0,0.0,0.0,0.0,0.0005170813668926676
0.0,0.0,0.0,0.0,0.0,0.0,0.0,0.0,0.0,0.0
0.0,0.0,0.0,0.0,0.0,0.0,0.0,0.0,0.0,0.0004474577393300204
0.0,0.0,0.0,0.0,0.0,0.0,0.0,0.0,0.0,7.329587007783395e-05
0.0,0.0,0.0,0.0,0.0,0.0,0.0,0.0,0.0,0.0004845797805352514
0.0,0.0,0.0,0.0,0.0,0.0,0.0,0.0,0.0,0.0003379201181230823
0.0,0.0,0.0,0.0,0.0,0.0,0.0,0.0003911696471201058,0.0021104263485671407,0.002679651629408669
0.0,0.0,0.0,0.0,0.0,0.0,0.0,0.0,0.0005318000154765866,0.0011036496310536364
0.0,0.0,0.0,0.0,0.0,0.0,0.0,0.0,0.000829510969966178,0.0014008656658889467
0.0,0.0,0.0,0.0,0.0,0.0,0.0,0.0,7.684565459826637e-06,0.000580405479299214
0.0,0.0,0.0,0.0,0.0,0.0,0.0,0.0,0.0,0.00016807998062558132
0.0,0.0,0.0,0.0,0.0,0.0,0.0,0.00053465227102291,0.0022532467123199495,0.002822234566207626
0.0,0.0,0.0,0.0,0.0,0.0,0.0,0.0,0.000686747423294246,0.0012583394517172043
0.0,0.0,0.0,0.0,0.0,0.0,0.0,0.0,0.0,0.0002285461660454673
0.0,0.0,0.0,0.0,0.0,0.0,0.0,0.0,0.0004192777371026053,0.0009913144115912334
0.0,0.0,0.0,0.0,0.0,0.0,0.0,0.0,0.0,0.0
0.0,0.0,0.0,0.0,0.0,0.0,0.0,0.0,0.0,0.0004454205718176647
0.0,0.0,0.0,0.0,0.0,0.0,0.0,0.0,0.0,0.00048717000103352964
0.0,0.0,0.0,0.0,0.0,0.0,0.0,0.0,0.0,0.0
0.0,0.0,0.0,0.0,0.0,0.0,0.0,0.0,0.0,0.0
0.0,0.0,0.0,0.0,0.0,0.0,0.0,0.0,0.0,0.00010632253539663721
0.0,0.0,0.0,0.0,0.0,0.0,0.0,0.0,0.0,0.00017218911995750018
0.0,0.0,0.0,0.0,0.0,0.0,0.0,0.0,0.0,0.0
0.0,0.0,0.0,0.0,0.0,0.0,0.0,0.0,0.0,0.0003395781701073152
0.0,0.0,0.0,0.0,0.0,0.0,0.0,0.0,0.0,0.0
0.0,0.0,0.0,0.0,0.0,0.0,0.0,0.0,0.0,7.373044190602184e-05
0.0,0.0,0.0,0.0,0.0,0.0,0.0,0.0,0.0,0.0002729857689568218
0.0,0.0,0.0,0.0,0.0,0.0,0.0,0.0,0.0,0.0002793872175042736
0.0,0.0,0.0,0.0,0.0,0.0,0.0,0.0,0.0,0.0
0.0,0.0,0.0,0.0,0.0,0.0,0.0,0.0,0.0008981022559078814,0.0014693429245333236
0.0,0.0,0.0,0.0,0.0,0.0,0.0,0.0004526959170234965,0.002171668637068278,0.0027407921077083506
0.0,0.0,0.0,0.0,0.0,0.0,0.0,0.0,0.0,0.00023297240181016778
0.0,0.0,0.0,0.0,0.0,0.0,0.0,0.0,0.0,0.0
0.0,0.0,0.0,0.0,0.0,0.0,0.0017476659761975861,0.007486165842132452,0.009172674792552094,0.00973015967383615
0.0,0.0,0.0,0.0,0.0,0.0,0.0,0.0,0.0010999723251024092,0.0016708774015591766
0.0,0.0,0.0,0.0,0.0,0.0017500251904643787,0.016503111219450344,0.02203073956296781,0.023650116401414747,0.024183533742395437
0.0,0.0,0.0,0.0,0.0,0.0,0.0,0.0,0.0,2.049951628152003e-05
0.0,0.0,0.0,0.0,0.0,0.0,0.0,0.004689070821416996,0.006388490077750931,0.006950603434123741
0.0,0.0,0.0,0.0,0.0,0.0,0.0,0.0,0.0,0.0004247599606038353
0.0,0.0,0.0,0.0,0.0,0.0,0.0,0.0,0.0,0.0005010540214474376
0.0,0.0,0.0,0.0,0.0,0.0,0.0,0.0006083260560863198,0.0023265804477618814,0.0028954463904251144
0.0,0.0,0.0,0.0,0.0,0.0,0.0,0.0,0.0,0.00034274193687816595
0.0,0.0,0.0,0.0,0.0,0.0,0.0,0.0,0.0,8.085358621583294e-05
0.0,0.0,0.0,0.0,0.0,0.0,0.0,0.0,0.0,0.00016416291728751264
0.0,0.0,0.0,0.0,0.0,0.0,0.0,0.0,0.0,0.0002419671073698136
0.0,0.0,0.0,0.0,0.0,0.0,0.0,0.0,0.0,9.056682444911123e-05
0.0,0.0,0.0,0.0,0.0,0.0,0.0,0.0,0.0,0.0
0.0,0.0,0.0,0.0,0.0,0.0,0.0,0.0,0.0,0.00018832616092916049
0.0,0.0,0.0,0.0,0.0,0.0,0.0,0.0,0.0,1.3072558127946323e-05
0.0,0.0,0.0,0.0,0.0,0.0,0.0,0.0,0.0006556609314580862,0.0012273046385833574
0.0,0.0,0.0,0.0,0.0,0.0,0.0,0.0,0.0,7.556528896032655e-05
0.0,0.0,0.0,0.0,0.0,0.0,0.0,0.0,0.0012195288475737715,0.0017902351712742956
0.0,0.0,0.0,0.0,0.0,0.0,0.0,0.0,0.00013945864188910363,0.000711960492306853
0.0,0.0,0.0,0.0,0.0,0.0,0.0,0.0003328920710273344,0.002052417759165822,0.00262173947445351
0.0,0.0,0.0,0.0,0.0,0.0,0.0,0.0013631614955965465,0.003077931859605242,0.003645548743154642
0.0,0.0,0.0,0.0,0.0,0.0,0.0,0.0,0.0,0.00012326347194235374
0.0,0.0,0.0,0.0,0.0,0.0,0.0,0.0,0.0,0.0
0.0,0.0,0.0,0.0,0.0,0.0,0.0,0.0,0.0,0.00023588648362836618
0.0,0.0,0.0,0.0,0.0,0.0,0.0,0.0,0.0,0.00034466123274194823
0.0,0.0,0.0,0.0,0.0,0.0,0.0,0.0,0.00035304274919199276,0.0009251895338288154
0.0,0.0,0.0,0.0,0.0,0.0,0.0,0.0,0.0,0.00015828819826594153
0.0,0.0,0.0,0.0,0.0,0.0,0.0,0.0,0.0008678709134742415,0.0014391618391873726
0.0,0.0,0.0,0.0,0.0,0.0,0.0,0.0,0.0,0.0005156259493081392
0.0,0.0,0.0,0.0,0.0,0.0,0.0,0.0,0.0,0.00018625474937887632
0.0,0.0,0.0,0.0,0.0,0.0,0.0,0.0,0.0,2.912596471617969e-05
0.0,0.0,0.0,0.0,0.0,0.0,0.0,0.0,0.0,0.0
0.0,0.0,0.0,0.0,0.0,0.0,0.0,0.0,0.0,8.683062562826993e-05
0.0,0.0,0.0,0.0,0.0,0.0,0.0,0.0,0.0,0.0
0.0,0.0,0.0,0.0,0.0,0.0,0.0,0.0,0.0,0.0
0.0,0.0,0.0,0.0,0.0,0.0,0.0,0.0,0.0,8.179579513840504e-05
0.0,0.0,0.0,0.0,0.0,0.0,0.0,0.0,0.0,0.0005190854997490512
0.0,0.0,0.0,0.0,0.0,0.0,0.006352859434148473,0.012025546026441269,0.01369110295828211,0.014241076329250696
0.0,0.0,0.0,0.0,0.0,0.0,0.0,0.0031667765536282613,0.004873222129963187,0.005437854493035459
0.0,0.0,0.0,0.0,0.0,0.0,0.0,0.0,0.0,0.00023258066389094214
0.0,0.0,0.0,0.0,0.0,0.0,0.0,0.0,0.0,0.00026980371592732284
0.0,0.0,0.0,0.0,0.0,0.0,0.0,0.0,0.0,0.0
0.0,0.0,0.0,0.0,0.0,0.0,0.0,0.0,0.0,5.628297602634795e-05
0.0,0.0,0.0,0.0,0.0,0.0,0.0,0.0,0.0,0.00023227905144033499
0.0,0.0,0.0,0.0,0.0,0.0,0.0,0.0,0.0,1.0280993636022291e-05
0.0,0.0,0.0,0.0,0.0,0.0,0.0,0.0,0.0,0.00011132536903916402
0.0,0.0,0.0,0.0,0.0,0.0,0.0,0.0,0.0,5.692397851537536e-06
0.0,0.0,0.0,0.0,0.0,0.0,0.0,0.0,0.0,9.676009963584289e-05
0.0,0.0,0.0,0.0,0.0,0.0,0.0,0.0,0.0,0.00033743717697381115
0.0,0.0,0.0,0.0,0.0,0.0,0.0,9.487648111128952e-05,0.0018155007569114151,0.0023852163269736113
0.0,0.0,0.0,0.0,0.0,0.0,0.0,0.0,0.0007116583490016046,0.0012832089650863436
0.0,0.0,0.0,0.0,0.0,0.0,0.0,0.0,0.0,0.0003094512681750165
0.0,0.0,0.0,0.0,0.0,0.0,0.0,0.0,0.0,0.0
0.0,0.0,0.0,0.0,0.0,0.0,0.0,0.0,0.0,6.213657169889098e-05
0.0,0.0,0.0,0.0,0.0,0.0,0.0,0.0,0.0,0.0001624042163027803
0.0,0.0,0.0,0.0,0.0,0.0,0.0,0.0,0.0,0.00010718759291452301
0.0,0.0,0.0,0.0,0.0,0.0,0.0,0.0,0.0,0.00014055557899302624
0.0,0.0,0.0,0.0,0.0,0.0,0.0,0.0,0.0,0.0002257184968647288
0.0,0.0,0.0,0.0,0.0,0.0,0.0,0.0,0.0,0.0
0.0,0.0,0.0,0.0,0.0,0.0,0.0,0.0,0.0,0.0001231306494768944
0.0,0.0,0.0,0.0,0.0,0.0,0.0,0.0,0.0003419811232828449,0.0009141462969510021
0.0,0.0,0.0,0.0,0.0,0.0,0.0008654040313693064,0.0066165123897223834,0.00830703532323051,0.0088659592580006
0.0,0.0,0.0,0.0,0.0,0.0,0.0,0.0,0.0,9.886297063567489e-05
0.0,0.0,0.0,0.0,0.0,0.0,0.0,0.0,0.0,0.00042408567743834765
0.0,0.0,0.0,0.0,0.0,0.0,0.0,0.0,0.00027095360906360087,0.0008432368600555909
0.0,0.0,0.0,0.0,0.0,0.0,0.0,0.0,0.0,0.0
0.0,0.0,0.0,0.0,0.0,0.0,0.0,0.0,0.0,0.0003388111301450279
0.0,0.0,0.0,0.0,0.0,0.0,0.0,0.0008435272440154156,0.002560696038217498,0.0031291727832199034
0.0,0.0,0.0,0.0,0.0,0.0,0.0,0.0,0.0001142061195740359,0.0006867499502059005
0.0,0.0,0.0,0.0,0.0,0.0,0.0,0.0,0.0,0.00019565543127481825
0.0,0.0,0.0,0.0,0.0,0.0,0.0,0.0,0.0,0.0
0.0,0.0,0.0,0.0,0.0,0.0,0.0,0.0,0.0,6.275248643167881e-06
0.0,0.0,0.0,0.0,0.0,0.0,0.0,0.0,0.0,2.740010618928088e-06
0.0,0.0,0.0,0.0,0.0,0.0,0.0,0.0,3.079856748101365e-05,0.0006034810562180765
0.0,0.0,0.0,0.0,0.0,0.0,0.0,0.0,0.0008212743435701069,0.0013926427321979203
0.0,0.0,0.0,0.0,0.0,0.0,0.0,0.000911809680180475,0.0026286633091368522,0.0031970270642149084
0.0,0.0,0.0,0.0,0.0,0.0,0.0,0.0,0.0,0.0001233488517781989
0.0,0.0,0.0,0.0,0.0,0.0,0.0,0.0,0.0,2.0484612649873643e-06
0.0,0.0,0.0,0.0,0.0,0.0,0.0,0.0,0.0,5.6091224102349256e-05
0.0,0.0,0.0,0.0,0.0,0.0,0.0,0.0,0.0006786274656104546,0.001250232992786445
0.0,0.0,0.0,0.0,0.0,0.0,0.0,0.0,0.0,0.0
0.0,0.0,0.0,0.0,0.0,0.0,0.0,0.0,0.0,0.0001611554196159984
0.0,0.0,0.0,0.0,0.0,0.0,0.0,0.0,0.0,0.0
0.0,0.0,0.0,0.0,0.0,0.0,0.0,0.0,1.7332777695288497e-05,0.0005900376521857973
0.0,0.0,0.0,0.0,0.0,0.0,0.0,0.0,0.0,3.013064519104038e-05
0.0,0.0,0.0,0.0,0.0,0.0,0.0,0.0,0.0,0.00035851908752394123
0.0,0.0,0.0,0.0,0.0,0.0,0.0,0.0,0.0,5.3160072666634706e-05
0.0,0.0,0.0,0.0,0.0,0.0,0.0,0.0,0.0,8.905437167197992e-06
0.0,0.0,0.0,0.0,0.0,0.0,0.0,0.0,0.0,0.0
0.0,0.0,0.0,0.0,0.0,0.0,0.0,0.0,0.0010510485039947654,0.0016220349122274165
0.0,0.0,0.0,0.0,0.0,0.0,0.0,0.0,8.190596937893041e-05,0.0006545034963189983
0.0,0.0,0.0,0.0,0.0,0.0,0.0,0.0,0.0,0.000561484201869662
0.0,0.0,0.0,0.0,0.0,0.0,0.0,0.0,0.0,6.149766308679023e-05
0.0,0.0,0.0,0.0,0.0,0.0,0.0,0.0,0.0,0.0
0.0,0.0,0.0,0.0,0.0,0.0,0.0,0.0,0.0,0.00011510505007539635
0.0,0.0,0.0,0.0,0.0,0.0,0.0,0.0,0.0,0.0
0.0,0.0,0.0,0.0,0.0,0.0,0.0,0.0,0.0,0.0
0.0,0.0,0.0,0.0,0.0,0.0,0.0,0.0,0.0,0.0
0.0,0.0,0.0,0.0,0.0,0.0,0.0,0.0,0.0,0.00048798174288950747
0.0,0.0,0.0,0.0,0.0,0.0,0.0,0.0,0.0,0.00032886793630155175
0.0,0.0,0.0,0.0,0.0,0.0,0.0,0.0,0.0,7.157129205870797e-05
0.0,0.0,0.0,0.0,0.0,0.0,0.0,0.0,0.0,0.00047424054976115225
0.0,0.0,0.0,0.0,0.0,0.0,0.0,0.0,0.0,5.867310195973744e-05
0.0,0.0,0.0,0.0,0.0,0.0,0.0,0.0,0.0,0.0
0.0,0.0,0.0,0.0,0.0,0.0,0.0,0.0,0.0,2.1130858011877634e-05
0.0,0.0,0.0,0.0,0.0,0.0,0.0,0.0,0.0,4.356749625902563e-06
0.0,0.0,0.0,0.0,0.0,0.0,0.0,0.0,0.0,4.035165980271076e-05
0.0,0.0,0.0,0.0,0.0,0.0,0.0,0.0,0.0,3.75660005540945e-05
0.0,0.0,0.0,0.0,0.0,0.0,0.0,0.0,0.0,0.0
0.0,0.0,0.0,0.0,0.0,0.0,0.0,0.0,0.0,2.7005140129834775e-05
0.0,0.0,0.0,0.0,0.0,0.0,0.0,0.0,0.0,0.00023544147390422177
0.0,0.0,0.0,0.0,0.0,0.0,0.0,0.0,0.0,0.000332826431530673
0.0,0.0,0.0,0.0,0.0,0.0,0.0,0.0,0.0,0.0002088694067547264
0.0,0.0,0.0,0.0,0.0,0.0,0.0,0.0,0.0,0.0005096432714147344
0.0,0.0,0.0,0.0,0.0,0.0,0.0,0.0,0.0,0.0005377852667767327
0.0,0.0,0.0,0.0,0.0,0.0,0.0,0.0,0.0,0.0
0.0,0.0,0.0,0.0,0.0,0.0,0.0,0.0,0.0,0.00032088030224437314
0.0,0.0,0.0,0.0,0.0,0.0,0.0,0.0,0.0,1.069434047176724e-05
0.0,0.0,0.0,0.0,0.0,0.0,0.0,0.0,0.0,4.613308706698136e-05
0.0,0.0,0.0,0.0,0.0,0.0,0.0,0.0,0.0,9.248044219757643e-05
0.0,0.0,0.0,0.0,0.0,0.0,0.0,0.0,0.0,0.0004890445267641486
0.0,0.0,0.0,0.0,0.0,0.0,0.0,0.0,0.0,5.466744342269435e-06
0.0,0.0,0.0,0.0,0.0,0.0,0.0,0.0,0.0,0.00015051219050366213
0.0,0.0,0.0,0.0,0.0,0.0,0.0,0.0,0.0,5.466744342111519e-06
0.0,0.0,0.0,0.0,0.0,0.0,0.0,0.0,0.0,0.00013197372251380724
0.0,0.0,0.0,0.0,0.0,0.0,0.0,0.0,0.0,8.638385973543569e-05
0.0,0.0,0.0,0.0,0.0,0.0,0.0,0.0,0.0,6.772188036341338e-05
0.0,0.0,0.0,0.0,0.0,0.0,0.0,0.0,0.0,2.700514012982293e-05
0.0,0.0,0.0,0.0,0.0,0.0,0.0,0.0,0.0002303259836531224,0.0008026767746869523
0.0,0.0,0.0,0.0,0.0,0.0,0.0,0.0,0.0,0.00037441741291713873
0.0,0.0,0.0,0.0,0.0,0.0,0.0,0.0,0.0004535882593728584,0.0010255678954772278
0.0,0.0,0.0,0.0,0.0,0.0,0.0,0.0,0.0,5.4667443422260085e-06
0.0,0.0,0.0,0.0,0.0,0.0,0.0,0.0,0.0,0.0003366317766436413
0.0,0.0,0.0,0.0,0.0,0.0,0.0,0.0,0.0,1.2001260329599006e-05
0.0,0.0,0.0,0.0,0.0,0.0,0.0,0.0,0.0,1.8528362468352777e-05
0.0,0.0,0.19362197845870463,0.28050091085416134,0.29962904352569514,0.3096346536925739,0.31393627014531617,0.3152132518966005,0.3154794119530235,0.31552768740760256
0.0,0.0,0.0,0.0,0.0,0.0,0.0,0.0,0.0,5.014197980474033e-05
0.0,0.13063637971710507,0.22742278094284418,0.306886150786917,0.3239943696535465,0.3367058061410738,0.34008846367213863,0.34099170184790617,0.3411388785761251,0.34114449730558666
0.0,0.0,0.0,0.0,0.0,0.0,0.0,0.0,0.0,0.0002654722815614918
0.0,0.0,0.0,0.0,0.0,0.0,0.0,0.0,0.0,0.0002479768072422418
0.0,0.0,0.0,0.0,0.0,0.0,0.0,0.0,0.0,8.83340449124349e-05
0.22592573992720139,0.3368684374578016,0.2609566241885731,0.3330629997040737,0.34816725807493315,0.35107858237923145,0.3539733408089021,0.3546781488368741,0.3547621542333368,0.3547451254022139
0.0,0.0,0.0,0.0,0.0,0.0,0.0,0.0,0.0,0.00027682832304122865
0.0,0.0,0.0,0.0,0.0,0.0,0.0,0.0,0.0,9.018670638040393e-06
0.0,0.0,0.0,0.0,0.0,0.0,0.0,0.0,0.0,0.0003270790329971088
0.0,0.0,0.0,0.0,0.0,0.0,0.0,0.0,0.0,0.00019158424415423238
0.0,0.0,0.0,0.0,0.0,0.0,0.0,0.0,0.001214548301415607,0.0017852629048591016
0.0,0.0,0.0,0.0,0.0,0.0,0.0,0.0,0.0,0.00011134045613766358
0.0,0.0,0.0,0.0,0.0,0.0,0.0,0.0,0.0,0.0
0.0,0.0,0.0,0.0,0.0,0.0,0.0,0.0,0.0010436053717819429,0.0016146041536016789
0.0,0.0,0.0,0.0,0.0,0.0,0.0,0.0,0.0,0.0
0.0,0.0,0.0,0.0,0.0,0.0,0.0,0.0,0.0,5.31600726666426e-05
0.0,0.0,0.0,0.0,0.0,0.0,0.0,0.0,0.0,7.085516428559054e-05
0.0,0.0,0.0,0.0,0.0,0.0,0.0,0.0,0.0,0.0
0.0,0.0,0.0,0.0,0.0,0.0,0.0,0.0,0.0,3.856275649825205e-05
0.0,0.0,0.0,0.0,0.0,0.0,0.0,0.0,0.0,0.0
0.0,0.0,0.0,0.0,0.0,0.0,0.0,0.0,0.0,0.0
0.0,0.0,0.0,0.0,0.0,0.0,0.0,0.0,0.0,4.0351659802766026e-05
0.0,0.0,0.0,0.0,0.0,0.0,0.0,0.0,0.0,0.00012645302795355172
0.0,0.0,0.0,0.0,0.0,0.0,0.0,0.0,0.0,0.00023615039608301477
0.0,0.0,0.0,0.0,0.0,0.0,0.0,0.0,0.0,0.00010653978105297238
0.0,0.0,0.0,0.0,0.0,0.0,0.0,0.0,0.0,3.085455182512542e-05
0.0,0.0,0.0,0.0,0.0,0.0,0.0,0.0,0.0,0.0004057203884913231
0.0,0.0,0.0,0.0,0.0,0.0,0.0,0.0,0.0,0.0
0.0,0.0,0.0,0.0,0.0,0.0,0.0,0.0,0.0,5.4163468334461815e-06
0.0,0.0,0.0,0.0,0.0,0.0,0.0,0.0,0.0,0.0
0.0,0.0,0.0,0.0,0.0,0.0,0.0,0.0,0.0,0.0005258019470824461
0.0,0.0,0.0,0.0,0.0,0.0,0.0,0.0,0.0,0.0
0.0,0.0,0.0,0.0,0.0,0.0,0.0,0.0,0.0,5.316007266673735e-05
0.0,0.0,0.0,0.0,0.0,0.0,0.0,0.0,0.0,0.0
0.0,0.0,0.0,0.0,0.0,0.0,0.0,0.0,0.0,0.00011183755883701745
0.0,0.0,0.0,0.0,0.0,0.0,0.0,0.0,0.0,0.0
0.0,0.0,0.0,0.0,0.0,0.0,0.0,0.0,0.0,1.0694340471640906e-05
0.0,0.0,0.0,0.0,0.0,0.0,0.0,0.0,0.0,2.7005140129818983e-05
0.0,0.0,0.0,0.0,0.0,0.0,0.0,0.0,0.0,0.0004678898638936547
0.0,0.0,0.0,0.0,0.0,0.0,0.0,0.0,0.0,3.797438697742607e-05
0.0,0.0,0.0,0.0,0.0,0.0,0.0,0.0,0.0,0.00025946111208539663
0.0,0.0,0.0,0.0,0.0,0.0,0.0,0.0,0.00022468612321227706,0.0007970462900441335
0.0,0.0,0.0,0.0,0.0,0.0,0.0,0.0,0.0,0.00034021591417983344
0.0,0.0,0.0,0.0,0.0,0.0,0.0,0.0,0.0,0.0
0.0,0.0,0.0,0.0,0.0,0.0,0.0,0.0,0.0,3.0736123941633587e-06
0.0,0.0,0.0,0.0,0.0,0.0,0.0,0.0,0.0,9.153590125282347e-05
0.0,0.0,0.0,0.0,0.0,0.0,0.0,0.0,0.0,0.0004624990131563569
0.0,0.0,0.0,0.0,0.0,0.0,0.0,0.0,0.0,2.2233647133837194e-05
0.0,0.0,0.0,0.0,0.0,0.0,0.0,0.0,0.0,0.00012496826282250282
0.0,0.0,0.0,0.0,0.0,0.0,0.0,0.0,0.0,4.761730467884445e-05
0.0,0.0,0.0,0.0,0.0,0.0,0.0,0.0,0.0,4.094819970284053e-05
0.0,0.0,0.0,0.0,0.0,0.0,0.0,0.0,0.0,0.00033282643153051113
0.0,0.0,0.0,0.0,0.0,0.0,0.0,0.0,0.0,2.1130858011743407e-05
0.0,0.0,0.0,0.0,0.0,0.0,0.0,0.0,0.0,3.708416856443846e-05
0.0,0.0,0.0,0.0,0.0,0.0,0.0,0.0,0.0,1.4949098080196734e-05
0.0,0.0,0.0,0.0,0.0,0.0,0.0,0.0,0.0,4.356749625922302e-06
0.0,0.0,0.0,0.0,0.0,0.0,0.0,0.0,0.0,3.234596973013155e-05
0.0,0.0,0.0,0.0,0.0,0.0,0.0,0.0,0.0,0.00011134045613756884
0.0,0.0,0.0,0.0,0.0,0.0,0.0,0.0,0.0,0.00046911028935821205
0.0,0.0,0.0,0.0,0.0,0.0,0.0,0.0,0.0,0.0
0.0,0.0,0.0,0.0,0.0,0.0,0.0,0.0,0.0,0.0
0.0,0.0,0.0,0.0,0.0,0.0,0.0,0.0,0.0,1.0694340471644855e-05
0.0,0.0,0.0,0.0,0.0,0.0,0.0,0.0,0.0,1.0694340471648802e-05
0.0,0.0,0.0,0.0,0.0,0.0,0.0,0.0,0.0,3.953379418869943e-05
0.0,0.0,0.0,0.0,0.0,0.0,0.0,0.0,0.0,0.0
0.0,0.0,0.0,0.0,0.0,0.0,0.0,0.0,0.0,0.0003270790329971009
0.0,0.0,0.0,0.0,0.0,0.0,0.0,0.0,0.0,0.0
0.0,0.0,0.0,0.0,0.0,0.0,0.0,0.0,0.0,4.6467533416458384e-05
0.0,0.0,0.0,0.0,0.0,0.0,0.0,0.0,0.0,0.0
0.0,0.0,0.0,0.0,0.0,0.0,0.0,0.0,0.0,9.010463851068446e-05
0.0,0.0,0.0,0.0,0.0,0.0,0.0,0.0,0.0,0.0001566724835955251
0.0,0.0,0.0,0.0,0.0,0.0,0.0,0.0,0.0,0.0002087133009444283
0.0,0.0,0.0,0.0,0.0,0.0,0.0,0.0,0.0,9.388075988530587e-05
0.0,0.0,0.0,0.0,0.0,0.0,0.0,0.0,0.0,9.426934550214962e-05
0.0,0.0,0.0,0.0,0.0,0.0,0.0,0.0,0.0,5.743014321916112e-06
0.0,0.0,0.0,0.0,0.0,0.0,0.0,0.0,0.0,8.90543716718615e-06
0.0,0.0,0.0,0.0,0.0,0.0,0.0,0.0,0.0,0.0001190635453041781
0.0,0.0,0.0,0.0,0.0,0.0,0.0,0.0,0.0,5.466744342265487e-06
0.0,0.0,0.0,0.0,0.0,0.0,0.0,0.0,0.0,0.0
0.0,0.0,0.0,0.0,0.0,0.0,0.0,0.0,0.0,0.00047223697806017615
0.0,0.0,0.0,0.0,0.0,0.0,0.0,0.0,0.0,0.0
0.0,0.0,0.0,0.0,0.0,0.0,0.0,0.0,0.0,0.0005726520126291706
0.0,0.0,0.0,0.0,0.0,0.0,0.0,0.0,0.0,5.958857213666551e-05
0.0,0.0,0.0,0.0,0.0,0.0,0.0,0.0,0.0,0.0003212472082240979
0.0,0.0,0.0,0.0,0.0,0.0,0.0,0.0,0.0,4.649254890734683e-05
0.0,0.0,0.0,0.0,0.0,0.0,0.0,0.0,0.0,5.466744342245748e-06
0.0,0.0,0.0,0.0,0.0,0.0,0.0,0.0,0.0,3.3701969415692436e-05
0.0,0.0,0.0,0.0,0.0,0.0,0.0,0.0,0.0,7.077161271311452e-05
0.0,0.0,0.0,0.0,0.0,0.0,0.0,0.0,0.0003274852553907978,0.0008996745272314187
0.0,0.0,0.0,0.0,0.0,0.0,0.0,0.0,0.0,9.23742908832573e-05
0.0,0.0,0.0,0.0,0.0,0.0,0.0,0.0,0.0,0.00010653978105299212
0.0,0.0,0.0,0.0,0.0,0.0,0.0,0.0,0.0,0.00016262794470294794
0.0,0.0,0.0,0.0,0.0,0.0,0.0,0.005487390859111634,0.007183125379736622,0.007743917721134983
0.0,0.0,0.0,0.0,0.0,0.0,0.0,0.0,0.0,0.0
0.0,0.0,0.0,0.0,0.0,0.0,0.0,0.0,0.0,3.593414798134992e-06
0.0,0.0,0.0,0.0,0.0,0.0,0.0,0.0,0.0,7.40902413305493e-05
0.0,0.0,0.0,0.0,0.0,0.0,0.0,0.0,0.0,5.450690386760473e-05
0.0,0.0,0.0,0.0,0.0,0.0,0.0,0.0,0.0,0.00020965259388381165
0.0,0.0,0.0,0.0,0.0,0.0,0.0,0.0,0.0,0.00011331614677081131
0.0,0.0,0.0,0.0,0.0,0.0,0.0,0.0,0.0,2.2233647133845092e-05
0.0,0.0,0.0,0.0,0.0,0.0,0.0,0.0,0.0,0.00047563739149695394
0.0,0.0,0.0,0.0,0.0,0.0,0.0,0.0,0.0,0.00011634339751516673
0.0,0.0,0.0,0.0,0.0,0.0,0.0,0.0,0.0,7.562665728165523e-05
0.0,0.0,0.0,0.0,0.0,0.0,0.0,0.0,0.0,0.0002487361269300634
0.0,0.0,0.0,0.0,0.0,0.0,0.0,0.0,0.0,8.718427365002119e-05
0.0,0.0,0.0,0.0,0.0,0.0,0.0,0.0,0.0,6.428001223036767e-05
0.0,0.0,0.0,0.0,0.0,0.0,0.0,0.0,0.0,0.0005170995036903219
0.0,0.0,0.0,0.0,0.0,0.0,0.0,0.0,0.0,0.0003731294025378451
0.0,0.0,0.0,0.0,0.0,0.0,0.0,0.0,0.0,5.318167430337037e-05
0.0,0.0,0.0,0.0,0.0,0.0,0.0,0.0,0.0,5.9852028805028724e-05
0.0,0.0,0.0,0.0,0.0,0.0,0.0,0.0,0.0,0.00015202801428258804
0.0,0.0,0.0,0.0,0.0,0.0,0.0,0.0,0.0,4.356749625910458e-06
0.0,0.0,0.0,0.0,0.0,0.0,0.0,0.0,0.0,1.0694340471735657e-05
0.0,0.0,0.0,0.0,0.0,0.0,0.0,0.0,0.0,0.0
0.0,0.0,0.0,0.0,0.0,0.0,0.0,0.0,0.0,0.0
0.0,0.0,0.0,0.0,0.0,0.0,0.0,0.0,0.0,0.0003685807149965694
0.0,0.0,0.0,0.0,0.0,0.0,0.0,0.0,0.0,3.0736123941712548e-06
0.0,0.0,0.0,0.0,0.0,0.0,0.0,0.0,0.0,0.0
0.0,0.0,0.0,0.0,0.0,0.0,0.0,0.0,0.0,6.40918587543768e-05
0.0,0.0,0.0,0.0,0.0,0.0,0.0,0.0,0.00022993986329495933,0.0008022912962217101
0.0,0.0,0.0,0.0,0.0,0.0,0.0,0.0,0.0,1.9741318045501288e-05
0.0,0.0,0.0,0.0,0.0,0.0,0.0,0.0,0.00029353017736740984,0.0008657758966958474
0.0,0.0,0.0,0.0,0.0,0.0,0.0,0.0016519456951935622,0.003365383143326179,0.0039325221630690365
0.0,0.0,0.0,0.0,0.0,0.0,0.0,0.0,0.0,5.316007266661892e-05
0.0,0.0,0.0,0.0,0.0,0.0,0.0,0.0,0.0,0.0001954336558494342
0.0,0.0,0.0,0.0,0.0,0.0,0.0,0.0,0.0004890109444484694,0.00106093169329059
0.0,0.0,0.0,0.0,0.0,0.0,0.0,0.0,0.0,0.00034418211481264394
0.0,0.0,0.0,0.0,0.0,0.0,0.0,0.0,0.0,3.856275649825995e-05
0.0,0.0,0.0,0.0,0.0,0.0,0.0,0.0,0.0,4.356749625902563e-06
0.0,0.0,0.0,0.0,0.0,0.0,0.0,0.0,0.001699224948615388,0.0022691338175198847
0.0,0.0,0.0,0.0,0.0,0.0,0.0,0.0,0.0,0.0
0.0,0.0,0.0,0.0,0.0,0.0,0.0,0.0,0.0,3.0854551825127395e-05
0.0,0.0,0.0,0.0,0.0,0.0,0.0,0.0005038803528465859,0.002222616825384711,0.0027916555989071002
0.0,0.0,0.0,0.0,0.0,0.0,0.0,0.0,0.0,0.0
0.0,0.0,0.0,0.0,0.0,0.0,0.0,0.0,0.0,4.696842634171819e-05
0.0,0.0,0.0,0.0,0.0,0.0,0.0,0.0,0.0,0.000279079154537287
0.0,0.0,0.0,0.0,0.0,0.0,0.0,0.0,0.0,0.00016193766392260018
0.0,0.0,0.0,0.0,0.0,0.0,0.0,0.0,0.0,0.00011510505007527395
0.0,0.0,0.0,0.0,0.0,0.0,0.0,0.0,0.0,0.0001906769223943096
0.0,0.0,0.0,0.0,0.0,0.0,0.0,0.0,0.0,8.688257015756641e-05
0.0,0.0,0.0,0.0,0.0,0.0,0.0,0.0,0.0,0.0
0.0,0.0,0.0,0.0,0.0,0.0,0.0,0.0,0.0,0.0
0.0,0.0,0.0,0.0,0.0,0.0,0.0,0.0,0.0,7.648737175864691e-05
0.0,0.0,0.0,0.0,0.0,0.0,0.0,0.0,0.00015287326868304582,0.0007253528184015598
0.0,0.0,0.0,0.0,0.0,0.0,0.0,0.0,0.0,0.0
0.0,0.0,0.0,0.0,0.0,0.0,0.0,0.0,0.0,2.972674039679681e-05
0.0,0.0,0.0,0.0,0.0,0.0,0.0,0.0,0.0,4.8762560991568336e-05
0.0,0.0,0.0,0.0,0.0,0.0,0.0,0.0,0.0,8.9054371671822e-06
0.0,0.0,0.0,0.0,0.0,0.0,0.0,0.0,0.0,0.0
0.0,0.0,0.0,0.0,0.0,0.0,0.0,0.0,7.4368070413505345e-06,0.0005801581327584634
0.0,0.0,0.0,0.0,0.0,0.0,0.0,0.0,0.0,3.0736123941830984e-06
0.0,0.0,0.0,0.0,0.0,0.0,0.0,0.0,0.0,0.0004808022470825054
0.0,0.0,0.0,0.0,0.0,0.0,0.0,0.0,0.0,0.0
0.0,0.0,0.0,0.0,0.0,0.0,0.0,0.0,0.0,0.00033835154562327397
0.0,0.0,0.0,0.0,0.0,0.0,0.0,0.0,0.0,0.0
0.0,0.0,0.0,0.0,0.0,0.0,0.0,0.0,0.0,1.8528362468423836e-05
0.0,0.0,0.0,0.0,0.0,0.0,0.0,0.0,0.0,2.700514012982293e-05
0.0,0.0,0.0,0.0,0.0,0.0,0.0,0.0,0.0,0.00015481782877028376
0.0,0.0,0.0,0.0,0.0,0.0,0.0,0.0,0.0006317222554174347,0.0012034057585968696
0.0,0.0,0.0,0.0,0.0,0.0,0.0,0.0,0.0,0.0003212472082241097
0.0,0.0,0.0,0.0,0.0,0.0,0.0,0.0,0.0,0.00041048932336891985
0.0,0.0,0.0,0.0,0.0,0.0,0.0,0.0,0.0005689136836447239,0.0011407016008410395
0.0,0.0,0.0,0.0,0.0,0.0,0.0,0.0,0.0,1.3909493272557456e-05
0.0,0.0,0.0,0.0,0.0,0.0,0.0,0.0,0.0,0.0
0.0,0.0,0.0,0.0,0.0,0.0,0.0,0.0,0.0,1.9741318045544714e-05
0.0,0.0,0.0,0.0,0.0,0.0,0.0,0.00020267896257313435,0.0019228056639241672,0.0024923428485199217
0.0,0.0,0.0,0.0,0.0,0.0,0.0,0.0,0.0,0.0
0.0,0.0,0.0,0.0,0.0,0.0,0.0,0.0,0.0,0.00014092650104759202
0.0,0.0,0.0,0.0,0.0,0.0,0.0,0.0,0.0,0.00011510505007525817
0.0,0.0,0.0,0.0,0.0,0.0,0.0,0.0,0.0,5.137116936217205e-05
0.0,0.0,0.0,0.0,0.0,0.0,0.0,0.0,0.0,0.0
0.0,0.0,0.0,0.0,0.0,0.0,0.0,0.0,0.0,1.3909493272470603e-05
0.0,0.0,0.0,0.0,0.0,0.0,0.0,0.0,0.0,0.0003839652834161958
0.0,0.0,0.0,0.0,0.0,0.0,0.0,0.0,0.0,3.5934147980757733e-06
0.0,0.0,0.0,0.0,0.0,0.0,0.0,0.0,0.0,0.00016100947509529897
0.0,0.0,0.0,0.0,0.0,0.0,0.0,0.0,0.0,0.00012728408703682054
0.0,0.0,0.0,0.0,0.0,0.0,0.0,0.0,0.0,4.5561086324189306e-05
0.0,0.0,0.0,0.0,0.0,0.0,0.0,0.0,0.0,7.485734972425255e-05
0.0,0.0,0.0,0.0,0.0,0.0,0.0,0.0,0.0,0.0
0.0,0.0,0.0,0.0,0.0,0.0,0.0,0.0,0.0,4.6133087067056364e-05
0.0,0.0,0.0,0.0,0.0,0.0,0.0,0.0,0.0,0.0004899647936034135
0.0,0.0,0.0,0.0,0.0,0.0,0.0,0.0,0.0,0.0
0.0,0.0,0.0,0.0,0.0,0.0,0.0,0.0,0.0004008376934034188,0.000972905022928131
0.0,0.0,0.0,0.0,0.0,0.0,0.0,0.0,0.0,0.0004304286754977359
0.0,0.0,0.0,0.0,0.0,0.0,0.0,0.0,0.0,0.0
0.0,0.0,0.0,0.0,0.0,0.0,0.0,0.0,0.00020412662219403385,0.0007765209674831579
0.0,0.0,0.0,0.0,0.0,0.0,0.0,0.0,0.0005093572947404354,0.0010812442194706095
0.0,0.0,0.0,0.0,0.0,0.0,0.0,0.0,0.0,0.0
0.0,0.0,0.0,0.0,0.0,0.0,0.0,0.0,0.0,5.971619029083022e-05
0.0,0.0,0.0,0.0,0.0,0.0,0.0,0.0,6.525023108865243e-05,0.0006378754468057442
0.0,0.0,0.0,0.0,0.0,0.0,0.0,0.0,0.0,0.0
0.0,0.0,0.0,0.0,0.0,0.0,0.0,0.0,0.0,0.00030595633524795865
0.0,0.0,0.0,0.0,0.0,0.0,0.0,0.0,0.0,0.0004002300816217543
0.0,0.0,0.0,0.0,0.0,0.0,0.0,0.0,0.0,0.00036969070971287706
0.0,0.0,0.0,0.0,0.0,0.0,0.0,0.0,0.0,1.3909493272545613e-05
0.0,0.0,0.0,0.0,0.0,0.0,0.0,0.0,0.0,3.073612394190994e-06
0.0,0.0,0.0,0.0,0.0,0.0,0.0,0.0,0.0,0.0
0.0,0.0,0.0,0.0,0.0,0.0,0.0,0.00035310677001437334,0.0020725391549415097,0.0026418274200853895
0.0,0.0,0.0,0.0,0.0,0.0,0.0,0.0,0.0,5.41634683342052e-06
0.0,0.0,0.0,0.0,0.0,0.0,0.0,0.0,0.0,0.0
0.0,0.0,0.0,0.0,0.0,0.0,0.0,0.0,0.0,3.0736123941791504e-06
0.0,0.0,0.0,0.0,0.0,0.0,0.0,0.0,0.0,0.0003124111921225558
0.0,0.0,0.0,0.0,0.0,0.0,0.0,0.0,0.0,4.6239120244653084e-05
0.0,0.0,0.0,0.0,0.0,0.0,0.0,0.0,0.0,0.000369893740866787
0.0,0.0,0.0,0.0,0.0,0.0,0.0,0.0,0.0,4.35674962590651e-06
0.0,0.0,0.0,0.0,0.0,0.0,0.0,0.0,0.0,0.0
0.0,0.0,0.0,0.0,0.0004399674010676826,0.028192352218421052,0.042047825470171905,0.04721039178438665,0.048713549112739556,0.04920530058531492
0.0,0.0,0.0,0.0,0.0,0.0,0.0,0.0,0.0,1.845818081369892e-05
0.0,0.0,0.0,0.0,0.0,0.0,0.0,0.001400551051566918,0.003115148839884762,0.0036827038533056512
0.0,0.0,0.0,0.0,0.0,0.0,0.0,0.0,0.0,3.8562756498263895e-05
0.0,0.0,0.0,0.0,0.0,0.0,0.0,0.0,0.00010010061149276066,0.0006726678913564313
0.0,0.0,0.0,0.0,0.0,0.0,0.0,0.0,0.0,0.0005593080268412885
0.0,0.0,0.0,0.0,0.0,0.0,0.0,0.0,0.0,4.3790352627773545e-05
0.0,0.0,0.0,0.0,0.0,0.0,0.0,0.0,0.0,9.018670638040393e-06
0.0,0.0,0.0,0.0,0.0,0.0,0.0,0.0,0.0,0.0
0.0,0.0,0.0,0.0,0.0,0.0,0.0,0.0,0.0,3.0854551825123444e-05
0.0,0.0,0.0,0.0,0.0,0.0,0.0,0.0,0.0,0.0002207564501674311
0.0,0.0,0.0,0.0,0.0,0.0,0.0,0.0,0.00047676213940769203,0.0010487032508675288
0.0,0.0,0.0,0.0,0.0,0.0,0.0,0.0,0.0,0.0003226721377682466
0.0,0.0,0.0,0.0,0.0,0.0,0.0,0.0,0.0,0.0
0.0,0.0,0.0,0.0,0.0,0.0,0.0,0.0,0.0,9.153590125278004e-05
0.0,0.0,0.0,0.0,0.0,0.0,0.0,0.0,0.0,6.849585281444284e-05
0.0,0.0,0.0,0.0,0.0,0.0,0.0,0.0,0.0,6.0458058279139106e-05
0.0,0.0,0.0,0.0,0.0,0.0,0.0,0.0,0.0,4.517952303715684e-05
0.0,0.0,0.0,0.0,0.0,0.0,0.0,0.0,0.0,3.797438697744778e-05
0.0,0.0,0.0,0.0,0.0,0.0,0.0,0.0,0.0,0.0004149370932122084
0.0,0.0,0.0,0.0,0.0,0.0,0.0,0.0,0.0,0.0003968131078134431
0.0,0.0,0.0,0.0,0.0,0.0,0.0,0.0,0.0,0.00037695673550500983
0.0,0.0,0.0,0.0,0.0,0.0,0.0,0.0,7.878605013219943e-05,0.0006513887636780395
0.0,0.0,0.0,0.0,0.0,0.0,0.0,0.0,0.0,0.0
0.0,0.0,0.0,0.0,0.0,0.0,0.0,0.0,0.0,5.8230754960244964e-05
0.0,0.0,0.0,0.0,0.0,0.0,0.0,0.0,0.0,0.00035028906606037277
0.0,0.0,0.0,0.0,0.0,0.0,0.0,0.0,0.0,0.00041295076495613043
0.0,0.0,0.0,0.0,0.0,0.0,0.0,0.0,0.0,0.0
0.0,0.0,0.0,0.0,0.0,0.0,0.0,0.0,0.0,0.0
0.0,0.0,0.0,0.0,0.0,0.0,0.0016542337217812348,0.0073940688372735935,0.009081002871752845,0.009638640149966423
0.0,0.0,0.0,0.0,0.0,0.0,0.0,0.0,0.0,0.000328867936301682
0.0,0.0,0.0,0.0,0.0,0.0,0.0,0.0,0.0,0.0
0.0,0.0,0.0,0.0,0.0,0.0,0.0,0.0,0.0,0.0001065397810530158
0.0,0.0,0.0,0.0,0.0,0.0,0.0,0.0,0.0,0.0
0.0,0.0,0.0,0.0,0.0,0.0,0.0,0.0,0.0009360279845251158,0.001507205604786994
0.0,0.0,0.0,0.0,0.0,0.0,0.0,0.0,0.0,0.00015749416139674007
0.0,0.0,0.0,0.0,0.0,0.0,0.0,0.0,0.0,0.0005353433389845325
0.0,0.0,0.0,0.0,0.0,0.0,0.0,0.0,0.0,0.0
0.0,0.0,0.0,0.0,0.0,0.0,0.0,0.0,0.0,0.0
0.0,0.0,0.0,0.0,0.0,0.0,0.0,0.0,0.0,0.00011906354530433207
0.0,0.0,0.0,0.0,0.0,0.0,0.0,0.0,0.0,1.8603625524950645e-05
0.0,0.0,0.0,0.0,0.0,0.0,0.0,0.0,0.0,0.0
0.0,0.0,0.0,0.0,0.0,0.0,0.0,0.0,0.0,3.0736123941712548e-06
0.0,0.0,0.0,0.0,0.0,0.0,0.0,0.003473437233855788,0.005178467383412467,0.005742592301686253
0.0,0.0,0.0,0.0,0.0,0.0,0.0,0.0,0.0,1.069434047176724e-05
0.0,0.0,0.0,0.0,0.0,0.0,0.0,0.0,0.0,1.3909493272482446e-05
0.0,0.0,0.0,0.0,0.0,0.0,0.0,0.0,0.001352419035686986,0.0019229044405232004
0.0,0.0,0.0,0.0,0.0,0.0,0.0,0.0,0.0,0.000139693178212726
0.0,0.0,0.0,0.0,0.0,0.0,0.0,0.0,0.0,0.00010010117027496318
0.0,0.0,0.0,0.0,0.0,0.0,0.0,0.0,0.0,4.211163243831812e-05
0.0,0.0,0.0,0.0,0.0,0.0,0.0,0.0,0.0,0.0
0.0,0.0,0.0,0.0,0.0,0.0,0.0,0.0,0.0,0.00037312940253784907
0.0,0.0,0.0,0.0,0.0,0.0,0.0,0.0,0.0,0.0
0.0,0.0,0.0,0.0,0.0,0.0,0.0,0.0,0.0,0.0005377852667767169
0.0,0.0,0.0,0.0,0.0,0.0,0.0,0.0,0.0,2.4429119371425135e-05
0.0,0.0,0.0,0.0,0.0,0.0,0.0,0.0,0.0,0.0004320284423665245
0.0,0.0,0.0,0.0,0.0,0.0,0.0,0.0,0.0,0.0
0.0,0.0,0.0,0.0,0.0,0.0,0.0,0.0,0.0014480542301996387,0.002018380649494033
0.0,0.0,0.0,0.0,0.0,0.0,0.0,0.0,0.0,0.00015936651631155943
0.0,0.0,0.0,0.0,0.0,0.0,0.0,0.0,0.0,4.3790352627773545e-05
0.0,0.0,0.0,0.0,0.0,0.0,0.0,0.0,0.0009045173773922732,0.0014757473814128047
0.0,0.0,0.0,0.0,0.0,0.0,0.0,0.0,0.0,1.3909493272525873e-05
0.0,0.0,0.0,0.0,0.0,0.0,0.0,0.0,0.0,0.0001754179350255441
0.0,0.0,0.0,0.0,0.0,0.0,0.0,0.0,0.0,3.214256220441907e-05
0.0,0.0,0.0,0.0,0.0,0.0,0.0,0.0,0.0,3.5934147981507836e-06
0.0,0.0,0.0,0.0,0.0,0.0,0.0,0.0,0.0,3.0736123941870464e-06
0.0,0.0,0.0,0.0,0.0,0.0,0.0,0.0,0.00010726077613732649,0.0006798161528239153
0.0,0.0,0.0,0.0,0.0,0.0,0.0,0.0,0.0,2.1013109590555838e-05
0.0,0.0,0.0,0.0,0.0,0.0,0.0,0.0,0.0,2.113085801181447e-05
0.0,0.0,0.0,0.0,0.0,0.0,0.0,0.0,0.0,9.549310530568164e-05
0.0,0.0,0.0,0.0,0.0,0.0,0.0,0.0,0.0004592185909225603,0.0010311888670698907
0.0,0.0,0.0,0.0,0.0,0.0,0.0,0.0,0.0,0.0
0.0,0.0,0.0,0.0,0.0,0.0,0.0,0.0,0.0,5.16867583092204e-06
0.0,0.0,0.0,0.0,0.0,0.0,0.0,0.0,0.0,0.0004832875106749989
0.0,0.0,0.0,0.0,0.0,0.0,0.0,8.632968986663109e-05,0.0018069934143407334,0.0023767231271510565
0.0,0.0,0.0,0.0,0.0,0.0,0.0,0.0,0.0,0.0
0.0,0.0,0.0,0.0,0.0,0.0,0.0,0.0,0.0,0.0003441495272004143
0.0,0.0,0.0,0.0,0.0,0.0,0.0,0.0,0.0,0.00018843546612179145
0.0,0.0,0.0,0.0,0.0,0.0,0.0,0.0,0.0,0.0
0.0,0.0,0.0,0.0,0.0,0.0,0.0,0.0,0.0,2.4429119371429082e-05
0.0,0.0,0.0,0.0,0.0,0.0,0.0,0.0,0.0,0.0
0.0,0.0,0.0,0.0,0.0,0.0,0.0,0.0,0.0,0.00011647423944395042
0.0,0.0,0.0,0.0,0.0,0.0,0.0,0.0,0.0,0.0
0.0,0.0,0.0,0.0,0.0,0.0,0.0,0.0,0.0,0.00014761269271054508
0.0,0.0,0.0,0.0,0.0,0.0,0.0,0.0,0.0,2.4923416319220622e-05
0.0,0.0,0.0,0.0,0.0,0.0,0.0,0.0,0.0,0.00030344680436622556
0.0,0.0,0.0,0.0,0.0,0.0,0.0,0.0,0.0,0.0
0.0,0.0,0.0,0.0,0.0,0.0,0.0,0.0,0.0,5.4626233506065e-05
0.0,0.0,0.0,0.0,0.0,0.0,0.0,0.0,0.0,0.000308032231728455
0.0,0.0,0.0,0.0,0.0,0.0,0.0,0.0,0.0,2.7005140129815036e-05
0.0,0.0,0.0,0.0,0.0,0.0,0.0,0.0,0.0004089594932568573,0.0009810133209660838
0.0,0.0,0.0,0.0,0.0,0.0,0.0,0.0,0.0,0.00012645302795356752
0.0,0.0,0.0,0.0,0.0,0.0,0.0,0.0,0.0,0.00017720058691746008
0.0,0.0,0.0,0.0,0.0,0.0,0.0,0.0,0.0,5.316007266662681e-05
0.0,0.0,0.0,0.0,0.0,0.0,0.0,0.0,0.0,1.4949098080196734e-05
0.0,0.0,0.0,0.0,0.0,0.0,0.0,0.0,0.0,0.0
0.0,0.0,0.0,0.0,0.0,0.0,0.0,0.0,0.0,0.00014761269271056877
0.0,0.0,0.0,0.0,0.0,0.0,0.0,0.0,0.0,0.00019065987054470724
0.0,0.0,0.0,0.0,0.0,0.0,0.0,0.0,0.0,1.0694340471664594e-05
0.0,0.0,0.0,0.0,0.0,0.0,0.0,0.0,0.0,7.562665728159602e-05
0.0,0.0,0.0,0.0,0.0,0.0,0.0,0.0,0.0,4.0351659802829194e-05
0.0,0.0,0.0,0.0,0.0,0.0,0.0,0.0,0.0,8.01753448228954e-05
0.0,0.0,0.0,0.0,0.0,0.0,0.0,0.0,0.0,0.0
0.0,0.0,0.0,0.0,0.0,0.0,0.0,0.0,0.0,7.858672523229103e-05
0.0,0.0,0.0,0.0,0.0,0.0,0.0,0.0,0.0,9.864830589633723e-05
0.0,0.0,0.0,0.0,0.0,0.0,0.0,0.0,0.0,7.648737175879692e-05
0.0,0.0,0.0,0.0,0.0,0.0,0.0,0.0,0.0,3.388821528434875e-05
0.0,0.0,0.0,0.0,0.0,0.0,0.0,0.0,0.0,7.109004848220313e-05
0.0,0.0,0.0,0.0,0.0,0.0,0.0,0.0,0.0,7.615133283314578e-05
0.0,0.0,0.0,0.0,0.0,0.0,0.0,0.0,0.0,3.0854551825127395e-05
0.0,0.0,0.0,0.0,0.0,0.0,0.0,0.0005900136429695518,0.002308352557642586,0.002877248802654255
0.0,0.0,0.0,0.0,0.0,0.0,0.0,8.636569368983938e-05,0.0018070292519842559,0.0023767589052174827
0.0,0.0,0.0,0.0,0.0,0.0,0.0,0.0,0.0,0.0003288679363015596
0.0,0.0,0.0,0.0,0.0,0.0,0.0,0.0,0.0,0.0
0.0,0.0,0.0,0.0,0.0,0.0,0.0,0.00406148802794612,0.005763803963080827,0.0063269558080656435
0.0,0.0,0.0,0.0,0.0,0.0,0.0,0.0,0.0,1.3790163634065607e-05
0.0,0.0,0.0,0.0,0.0,0.0,0.0,0.0,0.0,0.0003037938428978976
0.0,0.0,0.0,0.0,0.0,0.0,0.0,0.0,0.0,2.0919688285647475e-05
0.0,0.0,0.0,0.0,0.0,0.0,0.0,0.0,0.0,0.00018851716006739843
0.0,0.0,0.0,0.0,0.0,0.0,0.0,0.0,0.0,0.0
0.0,0.0,0.0,0.0,0.0,0.0,0.0,0.0,0.0,0.00031241119212251626
0.0,0.0,0.0,0.0,0.0,0.0,0.0,0.0,0.0,0.0004761493468848479
0.0,0.0,0.0,0.0,0.0,0.0,0.0,0.0,0.0,0.0
0.0,0.0,0.0,0.0,0.0,0.0,0.0,0.0,0.0,0.00032255778956880173
0.0,0.0,0.0,0.0,0.0,0.0,0.0,0.0,0.0,0.00020364275344785814
0.0,0.0,0.0,0.0,0.0,0.0,0.0,0.0,0.0,0.00014092650104750122
0.0,0.0,0.0,0.0,0.0,0.0,0.0,0.0,0.0,4.35674962590651e-06
0.0,0.0,0.0,0.0,0.0,0.0,0.0,0.0,0.0,5.714016953236531e-05
0.0,0.0,0.0,0.0,0.0,0.0,0.0,0.0,0.0,0.0001298670801450201
0.0,0.0,0.0,0.0,0.0,0.0,0.0,0.0,0.0,0.00014725652128647597
0.0,0.0,0.0,0.0,0.0,0.0,0.0,0.0,0.0,0.0
0.0,0.0,0.0,0.0,0.0,0.0,0.0,0.0,0.0,7.615133283316158e-05
0.0,0.0,0.0,0.0,0.0,0.0,0.0,0.0,0.0005458764319218768,0.0011177026466295413
0.0,0.0,0.0,0.0,0.0,0.0,0.0,0.0,0.0,0.0
0.0,0.0,0.0,0.0,0.0,0.0,0.0,0.0,0.0,0.00023823884233847392
0.0,0.0,0.0,0.0,0.0,0.0,0.0,0.0,0.0,3.5934147981270963e-06
0.0,0.0,0.0,0.0,0.0,0.0,0.0,0.0,0.0,1.3790163634168253e-05
0.0,0.0,0.0,0.0,0.0,0.0,0.0,0.0,0.0,8.984125378520368e-05
0.0,0.0,0.0,0.0,0.0,0.0,0.0,0.0,0.0,0.00013434371174481249
0.0,0.0,0.0,0.0,0.0,0.0,0.0,0.0,0.0,0.00016115541961612474
0.0,0.0,0.0,0.0,0.0,0.0,0.0,0.0,0.0,1.3790163634180096e-05
0.0,0.0,0.0,0.0,0.0,0.0,0.0,0.0,0.0,7.077161271309873e-05
0.0,0.0,0.0,0.0,0.0,0.0,0.0,0.0,0.0,9.341315582034612e-05
0.0,0.0,0.0,0.0,0.0,0.0,0.0,0.0,0.0,0.00039270233713707014
0.0,0.0,0.0,0.0,0.0,0.0,0.0,0.0,0.0,0.0
0.0,0.0,0.0,0.0,0.0,0.0,0.0,0.0,0.0,0.0
0.0,0.0,0.0,0.0,0.0,0.0,0.0,0.0,0.0,7.972375192369958e-06
0.0,0.0,0.0,0.0,0.0,0.0,0.0,0.0,0.0,0.0004634550663922545
0.0,0.0,0.0,0.0,0.0,0.0,0.0,0.0,0.0,0.0
0.0,0.0,0.0,0.0,0.0,0.0,0.0,0.0,0.0,2.700514012982293e-05
0.0,0.0,0.0,0.0,0.0,0.0,0.0,0.0,0.0005472954023358343,0.001119119258123425
0.0,0.0,0.0,0.0,0.0,0.0,0.0,0.0,0.0,0.0
0.0,0.0,0.0,0.0,0.0,0.0,0.0,0.001401492851217721,0.0031160862925536026,0.0036836397475375456
0.0,0.0,0.0,0.0,0.0,0.0,0.0,0.0,0.0,0.0
0.0,0.0,0.0,0.0,0.0,0.0,0.0,0.0,0.0,0.00041493709321224786
0.0,0.0,0.0,0.0,0.0,0.0,0.0,0.0,0.0,0.0
0.0,0.0,0.0,0.0,0.0,0.0,0.0,0.0,0.0,4.5179523037160785e-05
0.0,0.0,0.0,0.0,0.0,0.0,0.0,0.0,0.0,0.0
0.0,0.0,0.0,0.0,0.0,0.0,0.0,0.0,0.0,2.2233647133837194e-05
0.0,0.0,0.0,0.0,0.0,0.0,0.0,0.0,0.0004616302265046675,0.0010335964935087984
0.0,0.0,0.0,0.0,0.0,0.0,0.0,0.0,0.0,0.00014464779477887742
0.0,0.0,0.0,0.0,0.0,0.0,0.0,0.0,0.0,3.7084168564446356e-05
0.0,0.0,0.0,0.0,0.0,0.0,0.0,0.0,0.0,0.0
0.0,0.0,0.0,0.0,0.0,0.0,0.0,0.0,0.0,0.0
0.0,0.0,0.0,0.0,0.0,0.0,0.0,0.0,0.0,1.0694340471644855e-05
0.0,0.0,0.0,0.0,0.0,0.0,0.0,0.0,0.0,0.00013961152743330603
0.0,0.0,0.0,0.0,0.0,0.0,0.0,0.0,0.0,0.0003084127120945259
0.0,0.0,0.0,0.0,0.0,0.0,0.0,0.0,0.0,0.0
0.0,0.0,0.0,0.0,0.0,0.0,0.0,0.0,0.0,0.00040398447110600493
0.0,0.0,0.0,0.0,0.0,0.0,0.0,0.0,0.0,0.00035510690128942775
0.0,0.0,0.0,0.0,0.0,0.0,0.0,0.0,0.0,0.0003476911975462369
0.0,0.0,0.0,0.0,0.0,0.0,0.005830640688104414,0.011510790359972092,0.01317872320434934,0.013729548363963432
0.0,0.0,0.0,0.0,0.0,0.0,0.0,0.0,0.0,0.00013675923669498522
0.0,0.0,0.0,0.0,0.0,0.0,0.0,0.0,0.0,0.00023263858105556227
0.0,0.0,0.0,0.0,0.0,0.0,0.0,0.0,0.0,4.0351659802722604e-05
0.0,0.0,0.0,0.0,0.0,0.0,0.0,0.0,0.0,1.2134277946408213e-05
0.0,0.0,0.0,0.0,0.0,0.0,0.0,0.0,0.0,3.5263194118068256e-05
0.9741445272845023,0.9324450611908176,0.9179820523616263,0.8459435318275949,0.8217843811961791,0.8024839925360195,0.7900553165553451,0.78452803408327,0.7826280191033584,0.7818996989249516
0.0,0.0,0.0,0.0,0.0,0.0,0.0,0.0,0.0,0.0002586724914146354
0.0,0.0,0.0,0.0,0.0,0.0,0.0,0.0,0.0,4.5073489859481165e-05
0.0,0.0,0.0,0.0,0.0,0.0,0.0,0.0,0.0,0.00033296357106553544
0.0,0.0,0.0,0.0,0.0,0.0,0.0,0.0,2.9338534564313943e-05,0.0006020234504844397
0.0,0.0,0.0,0.0,0.0,0.0,0.0,0.0,0.00012556805442060203,0.0006980929967825477
0.0,0.0,0.0,0.0,0.0,0.0,0.0,0.0,0.0,3.5934147981231483e-06
0.0,0.0,0.0,0.0,0.0,0.0,0.0,0.0,0.0,0.0
0.0,0.0,0.0,0.0,0.0,0.0,0.0,0.0,1.7575939650306586e-05,0.0005902804099043274
0.0,0.0,0.0,0.0,0.0,0.0,0.0,0.0,0.0,4.623912024469651e-05
0.0,0.0,0.0,0.0,0.0,0.0,0.0,0.0,0.0,0.0
0.0,0.0,0.0,0.0,0.0,0.0,0.0,0.0,0.0,6.409185875463737e-05
0.0,0.0,0.0,0.0,0.0,0.0,0.0,0.0,0.0,3.7566000554165565e-05
0.0,0.0,0.0,0.0,0.0,0.0,0.0078147401043099,0.013466534815847659,0.01512544070224581,0.015673029606235067
0.0,0.0,0.0,0.0,0.0,0.0,0.0,0.0,0.0,5.41634683341065e-06
0.0,0.0,0.0,0.0,0.0,0.0,0.0,0.0,0.0,0.0
0.0,0.0,0.0,0.0,0.0,0.0,0.0,0.0,0.0,0.00011686807306674018
0.0,0.0,0.0,0.0,0.0,0.0,0.0,0.0,7.290256881394901e-05,0.0006455150631572239
0.0,0.0,0.0,0.0,0.0,0.0,0.0,0.0,0.0,0.0
0.0,0.0,0.0,0.0,0.0,0.0,0.0,0.0,0.0,3.0736123941712548e-06
0.0,0.0,0.0,0.0,0.0,0.0,0.0,0.0,0.0,0.00017981456143050323
0.0,0.0,0.0,0.0,0.0,0.0,0.0,0.0005145708880696753,0.0022332580172429537,0.0028022791006705847
0.0,0.0,0.0,0.0,0.0,0.0,0.0,0.0,0.0,3.073612394194942e-06
0.0,0.0,0.0,0.0,0.0,0.0,0.0,0.0,0.0,0.00014725652128654308
0.0,0.0,0.0,0.0,0.0,0.0,0.0,0.0,0.0,4.6968426341726085e-05
0.0,0.0,0.0,0.0,0.0,0.0,0.0,0.0,0.0,0.00037364920494175355
0.0,0.0,0.0,0.0,0.0,0.0,0.0,0.0,0.0,0.0
0.0,0.0,0.0,0.0,0.0,0.0,0.0,0.0,0.0,0.00042824056106877345
0.0,0.0,0.0,0.0,0.0,0.0,0.0,0.0,0.0,2.4429119371429082e-05
0.0,0.0,0.0,0.0,0.0,0.0,0.0,0.0,0.0,2.442911937137776e-05
0.0,0.0,0.0,0.0,0.0,0.0,0.0,6.970909296866013e-05,0.001790449531672648,0.0023602067473093434
0.0,0.0,0.0,0.0,0.0,0.0,0.0,0.0,0.0,0.00011942863152223682
0.0,0.0,0.0,0.0,0.0,0.0,0.0,0.0,0.0,0.0
0.0,0.0,0.0,0.0,0.0,0.0,0.0,0.0,0.0,0.00036989374086674755
0.0,0.0,0.0,0.0,0.0,0.0,0.0,0.0,0.0,0.00015202801428259989
0.0,0.0,0.0,0.0,0.0,0.0,0.0,0.0,0.0,4.35674962592625e-06
0.0,0.0,0.0,0.0,0.0,0.0,0.0,0.0,0.0,3.51669125363828e-05
0.0,0.0,0.0,0.0,0.0,0.0,0.0,0.0,0.0,0.0
0.0,0.0,0.0,0.0,0.0,0.0,0.0,0.0,0.0,0.0
0.0,0.0,0.0,0.0,0.0,0.0,0.0,0.0,0.00028949626888699175,0.0008617486942521418
0.0,0.0,0.0,0.0,0.0,0.0,0.0,0.0,0.0,0.0
0.0,0.0,0.0,0.0,0.0,0.0,0.0,0.0,0.0,7.440112315298276e-05
0.0,0.0,0.0,0.0,0.0,0.0,0.0,0.0,0.0,3.870030421169531e-05
0.0,0.0,0.0,0.0,0.0,0.0,0.0,0.0,0.0,0.000298661293970846
0.0,0.0,0.0,0.0,0.0,0.0,0.0,0.0,0.0,2.2233647133805614e-05
0.0,0.0,0.0,0.0,0.0,0.0,0.0,0.0,0.0,0.00033663177664381105
0.0,0.0,0.0,0.0,0.0,0.0,0.0,0.0,0.00031240273008961776,0.0008846170753717604
0.0,0.0,0.0,0.0,0.0,0.0,0.0,0.0,0.00012758067431210092,0.0007001022708611838
0.0,0.0,0.0,0.0,0.0,0.0,0.0,0.0,0.0,0.0003418593727731391
0.0,0.0,0.0,0.0,0.0,0.0,0.0,0.0,0.0,0.0
0.0,0.0,0.0,0.0,0.0,0.0,0.0,0.0,0.0,8.568931693868097e-05
0.0,0.0,0.0,0.0,0.0,0.0,0.0,0.0,0.0,0.00013041922858634644
0.0,0.0,0.0,0.0,0.0,0.0,0.0,0.0,0.0,2.11093911720439e-05
0.0,0.0,0.0,0.0,0.0,0.0,0.0,0.0,0.00039519023988831105,0.000967266957833903
0.0,0.0,0.0,0.0,0.0,0.0,0.0,0.0,0.0,6.04580582790641e-05
0.0,0.0,0.0,0.0,0.0,0.0,0.0,0.0,0.0,0.00015905538609902904
0.0,0.0,0.0,0.0,0.0,0.0,0.0,0.0,0.0,0.000312411192122611
0.0,0.0,0.0,0.0,0.0,0.0,0.0,0.0,0.0,0.0
0.0,0.0,0.0,0.0,0.0,0.0,0.0,0.0,0.0,0.0004414394186930032
0.0,0.0,0.0,0.0,0.0,0.0,0.0,0.0,0.0,0.00034185937277323385
0.0,0.0,0.0,0.0,0.0,0.0,0.0,0.0027450511276245655,0.004453443224982631,0.0050187734355052385
0.0,0.0,0.0,0.0,0.0,0.0,0.0,0.0,0.0,5.416346833458025e-06
0.0,0.0,0.0,0.0,0.0,0.0,0.0,0.0,0.0,0.0
0.0,0.0,0.0,0.0,0.0,0.0,0.0,0.0,0.0,0.00010748432199780825
0.0,0.0,0.0,0.0,0.0,0.0,0.0,0.0,0.0001934605294507651,0.0007658726062302943
0.0,0.0,0.0,0.0,0.0,0.0,0.0,0.0,0.0,3.0854551825127395e-05
0.0,0.0,0.0,0.0,0.0,0.0,0.0,0.0,0.0,1.8458180813825252e-05
0.0,0.0,0.0,0.0,0.0,0.0,0.0,0.0,0.0,7.972375192298897e-06
0.0,0.0,0.0,0.0,0.0,0.0,0.0,0.0,0.0,0.00029866129397083024
0.0,0.0,0.0,0.0,0.0,0.0,0.0,0.0,0.0,0.0
0.0,0.0,0.0,0.0,0.0,0.0,0.0,0.0,0.0,6.308326523412541e-07
0.0,0.0,0.0,0.0,0.0,0.0,0.0,0.0,0.0,0.00037718696616750305
0.0,0.0,0.0,0.0,0.0,0.0,0.0,0.0,0.0,0.0
0.0,0.0,0.0,0.0,0.0,0.0,0.0,0.0,0.0,0.0
0.0,0.0,0.0,0.0,0.0,0.0,0.0,0.0,0.0,1.9741318045465757e-05
0.0,0.0,0.0,0.0,0.0,0.0,0.0,0.0,0.0,0.0003747723613215886
0.0,0.0,0.0,0.0,0.0,0.0,0.0,0.0,0.0,3.953379418868364e-05
0.0,0.0,0.0,0.0,0.0,0.0,0.0,0.0,0.0,0.0004024144497471811
0.0,0.0,0.0,0.0,0.0,0.0,0.0,0.0,0.0,3.2142562204424994e-05
0.0,0.0,0.0,0.0,0.0,0.0,0.0,0.0,0.0,0.0
0.0,0.0,0.0,0.0,0.0,0.0,0.0,0.0,0.0,0.0
0.0,0.0,0.0,0.0,0.0,0.0,0.0,0.0,0.0,0.0003354024522890234
0.0,0.0,0.0,0.0,0.0,0.0,0.0,0.0,0.0,0.0005353433389845641
0.0,0.0,0.0,0.0,0.0,0.0,0.0,0.00013102156022011898,0.0018514790043519832,0.0024211347635757926
0.0,0.0,0.0,0.0,0.0,0.0,0.0,0.0,0.0,0.0
0.0,0.0,0.0,0.0,0.0,0.0,0.0,0.0,0.0,4.6133087067018865e-05
0.0,0.0,0.0,0.0,0.0,0.0,0.0,0.0,0.0003814818615859381,0.0009535813685681707
0.0,0.0,0.0,0.0,0.0,0.0,0.0,0.003287110895195805,0.004993001054875191,0.005557434295465694
0.0,0.0,0.0,0.0,0.0,0.0,0.0,0.0,0.0,0.0004369170673514104
0.0,0.0,0.0,0.0,0.0,0.0,0.0,0.0,0.0,0.00011001658439049723
0.0,0.0,0.0,0.0,0.0,0.0,0.0,0.0,0.0,0.0001316090717374322
0.0,0.0,0.0,0.0,0.0,0.0,0.0,0.0,0.0,0.00020998058435411888
0.0,0.0,0.0,0.0,0.0,0.0,0.0,0.0,0.0,0.0005697875015366654
0.0,0.0,0.0,0.0,0.0,0.0,0.0,0.0,0.0,0.0
0.0,0.0,0.0,0.0,0.0,0.0,0.0,0.0,0.0,0.0
0.0,0.0,0.0,0.0,0.0,0.0,0.0,0.0,0.0,0.0
0.0,0.0,0.0,0.0,0.0,0.0,0.0,0.0,0.0,0.00014017553651776422
0.0,0.0,0.0,0.0,0.0,0.0,0.0,0.0,0.0,0.0
0.0,0.0,0.0,0.0,0.0,0.0,0.0,0.0,0.0,6.705091782035871e-06
0.0,0.0,0.0,0.0,0.0,0.0,0.0,0.0,0.0,1.379016363404192e-05
0.0,0.0,0.0,0.0,0.0,0.0,0.0,0.0,0.0,0.0
0.0,0.0,0.0,0.0,0.0,0.0,0.0,0.0,0.0,5.3895109918627794e-05
0.0,0.0,0.0,0.0,0.0,0.0,0.0,0.0,0.0,0.0
0.0,0.0,0.0,0.0,0.0,0.0,0.0,0.0,0.00021289658160786055,0.0007852763475702393
0.0,0.0,0.0,0.0,0.0,0.0,0.0,0.0,0.0,0.00032886793630176886
0.0,0.0,0.0,0.0,0.0,0.0,0.0,0.0,0.0,4.707499567956379e-05
0.0,0.0,0.0,0.0,0.0,0.0,0.0,0.0,0.0,0.0
0.0,0.0,0.0,0.0,0.0,0.0,0.0,0.0,0.0,4.623912024469651e-05
0.0,0.0,0.0,0.0,0.0,0.0,0.0,0.0,0.0,0.0
0.0,0.0,0.0,0.0,0.0,0.0,0.0,0.0,0.0,0.0
0.0,0.0,0.0,0.0,0.0,0.0,0.0,0.0,0.0,0.00011134045613778992
0.0,0.0,0.0,0.0,0.0,0.0,0.0,0.0,0.0,0.00029866129397083816
0.0,0.0,0.0,0.0,0.0,0.0,0.0,0.0,0.0,3.395000997528266e-05
0.0,0.0,0.0,0.0,0.0,0.0,0.0,0.0,0.0,9.248044219760406e-05
0.0,0.0,0.0,0.0,0.0,0.0,0.0,0.0,0.0002120174196303633,0.0007843986471262711
0.0,0.0,0.0,0.0,0.0,0.0,0.0,0.0,0.0,0.00034004303444341405
0.0,0.0,0.0,0.0,0.0,0.0,0.0,0.0,0.00020025615672926607,0.0007726569363447085
0.0,0.0,0.0,0.0,0.0,0.0,0.0,0.0,0.0,2.864395882074425e-05
0.0,0.0,0.0,0.0,0.0,0.0,0.0,0.0,0.0,0.00011119622914575582
0.0,0.0,0.0,0.0,0.0,0.0,0.0,0.0,0.0,1.3909493272561405e-05
0.0,0.0,0.0,0.0,0.0,0.0,0.0,0.0,0.0,0.0
0.0,0.0,0.0,0.0,0.0,0.0,0.0,0.0,0.0,8.305423378368647e-05
0.0,0.0,0.0,0.0,0.0,0.0,0.0,0.0,0.0,3.214256220443091e-05
0.0,0.0,0.0,0.0,0.0,0.0,0.0,0.0,0.0,0.00037312940253784907
0.0,0.0,0.0,0.0,0.0,0.0,0.0,0.0,0.0,5.466744342135207e-06
0.0,0.0,0.0,0.0,0.0,0.0,0.0,0.0,0.0,0.00039438740491352383
0.0,0.0,0.0,0.0,0.0,0.0,0.0,0.0,0.0,0.00034868819960940083
0.0,0.0,0.0,0.0,0.0,0.0,0.0,0.0,0.0,0.0
0.0,0.0,0.0,0.0,0.0,0.0,0.0,0.0,0.0,1.821015010027029e-05
0.0,0.0,0.0,0.0,0.0,0.0,0.0,0.0,0.0,0.0002586724914147143
0.0,0.0,0.0,0.0,0.0,0.0,0.0,0.0,0.0,0.00012809648654694427
0.0,0.0,0.0,0.0,0.0,0.0,0.0,0.0,0.0,0.00014498410860060737
